0,-0.12
0.0005,-0.12
0.001,-0.1
0.0015,-0.14
0.002,-0.12
0.0025,-0.14
0.003,-0.12
0.0035,-0.12
0.004,-0.14
0.0045,-0.12
0.005,-0.16
0.0055,-0.12
0.006,-0.19
0.0065,-0.14
0.007,-0.19
0.0075,-0.21
0.008,-0.19
0.0085,-0.23
0.009,-0.19
0.0095,-0.23
0.01,-0.19
0.0105,-0.19
0.011,-0.21
0.0115,-0.19
0.012,-0.21
0.0125,-0.16
0.013,-0.19
0.0135,-0.19
0.014,-0.19
0.0145,-0.21
0.015,-0.16
0.0155,-0.19
0.016,-0.14
0.0165,-0.14
0.017,-0.12
0.0175,-0.1
0.018,-0.12
0.0185,-0.08
0.019,-0.1
0.0195,-0.08
0.02,-0.1
0.0205,-0.1
0.021,-0.1
0.0215,-0.12
0.022,-0.1
0.0225,-0.12
0.023,-0.1
0.0235,-0.12
0.024,-0.12
0.0245,-0.12
0.025,-0.14
0.0255,-0.12
0.026,-0.14
0.0265,-0.16
0.027,-0.19
0.0275,-0.21
0.028,-0.19
0.0285,-0.23
0.029,-0.21
0.0295,-0.23
0.03,-0.23
0.0305,-0.21
0.031,-0.23
0.0315,-0.21
0.032,-0.23
0.0325,-0.21
0.033,-0.21
0.0335,-0.21
0.034,-0.19
0.0345,-0.21
0.035,-0.19
0.0355,-0.21
0.036,-0.16
0.0365,-0.16
0.037,-0.14
0.0375,-0.1
0.038,-0.12
0.0385,-0.08
0.039,-0.1
0.0395,-0.1
0.04,-0.08
0.0405,-0.12
0.041,-0.1
0.0415,-0.14
0.042,-0.1
0.0425,-0.14
0.043,-0.14
0.0435,-0.12
0.044,-0.16
0.0445,-0.12
0.045,-0.14
0.0455,-0.14
0.046,-0.16
0.0465,-0.19
0.047,-0.19
0.0475,-0.23
0.048,-0.21
0.0485,-0.25
0.049,-0.23
0.0495,-0.21
0.05,-0.23
0.0505,-0.21
0.051,-0.23
0.0515,-0.19
0.052,-0.21
0.0525,-0.19
0.053,-0.19
0.0535,-0.21
0.054,-0.16
0.0545,-0.21
0.055,-0.19
0.0555,-0.21
0.056,-0.16
0.0565,-0.16
0.057,-0.14
0.0575,-0.12
0.058,-0.14
0.0585,-0.1
0.059,-0.1
0.0595,-0.12
0.06,-0.1
0.0605,-0.12
0.061,-0.1
0.0615,-0.12
0.062,-0.1
0.0625,-0.1
0.063,-0.12
0.0635,-0.1
0.064,-0.14
0.0645,-0.1
0.065,-0.14
0.0655,-0.12
0.066,-0.12
0.0665,-0.16
0.067,-0.16
0.0675,-0.19
0.068,-0.16
0.0685,-0.19
0.069,-0.19
0.0695,-0.19
0.07,-0.21
0.0705,-0.16
0.071,-0.19
0.0715,-0.16
0.072,-0.16
0.0725,-0.16
0.073,-0.14
0.0735,-0.16
0.074,-0.12
0.0745,-0.16
0.075,-0.12
0.0755,-0.12
0.076,-0.12
0.0765,-0.1
0.077,-0.12
0.0775,-0.08
0.078,-0.1
0.0785,-0.08
0.079,-0.05
0.0795,-0.1
0.08,-0.08
0.0805,-0.1
0.081,-0.08
0.0815,-0.12
0.082,-0.1
0.0825,-0.1
0.083,-0.12
0.0835,-0.1
0.084,-0.12
0.0845,-0.1
0.085,-0.12
0.0855,-0.12
0.086,-0.14
0.0865,-0.19
0.087,-0.19
0.0875,-0.21
0.088,-0.19
0.0885,-0.21
0.089,-0.21
0.0895,-0.19
0.09,-0.21
0.0905,-0.19
0.091,-0.21
0.0915,-0.16
0.092,-0.19
0.0925,-0.19
0.093,-0.19
0.0935,-0.21
0.094,-0.16
0.0945,-0.19
0.095,-0.19
0.0955,-0.16
0.096,-0.19
0.0965,-0.14
0.097,-0.14
0.0975,-0.1
0.098,-0.1
0.0985,-0.1
0.099,-0.08
0.0995,-0.12
0.1,-0.08
0.1005,-0.12
0.101,-0.1
0.1015,-0.1
0.102,-0.12
0.1025,-0.1
0.103,-0.12
0.1035,-0.1
0.104,-0.14
0.1045,-0.12
0.105,-0.12
0.1055,-0.14
0.106,-0.14
0.1065,-0.19
0.107,-0.19
0.1075,-0.21
0.108,-0.19
0.1085,-0.19
0.109,-0.23
0.1095,-0.19
0.11,-0.23
0.1105,-0.19
0.111,-0.21
0.1115,-0.21
0.112,-0.19
0.1125,-0.21
0.113,-0.19
0.1135,-0.21
0.114,-0.19
0.1145,-0.19
0.115,-0.19
0.1155,-0.16
0.116,-0.16
0.1165,-0.14
0.117,-0.14
0.1175,-0.12
0.118,-0.1
0.1185,-0.12
0.119,-0.1
0.1195,-0.12
0.12,-0.1
0.1205,-0.14
0.121,-0.12
0.1215,-0.12
0.122,-0.14
0.1225,-0.14
0.123,-0.16
0.1235,-0.14
0.124,-0.14
0.1245,-0.16
0.125,-0.14
0.1255,-0.19
0.126,-0.19
0.1265,-0.21
0.127,-0.21
0.1275,-0.23
0.128,-0.25
0.1285,-0.25
0.129,-0.27
0.1295,-0.25
0.13,-0.27
0.1305,-0.25
0.131,-0.25
0.1315,-0.25
0.132,-0.23
0.1325,-0.27
0.133,-0.23
0.1335,-0.25
0.134,-0.25
0.1345,-0.23
0.135,-0.25
0.1355,-0.23
0.136,-0.23
0.1365,-0.19
0.137,-0.19
0.1375,-0.19
0.138,-0.16
0.1385,-0.19
0.139,-0.16
0.1395,-0.19
0.14,-0.16
0.1405,-0.19
0.141,-0.19
0.1415,-0.19
0.142,-0.21
0.1425,-0.19
0.143,-0.21
0.1435,-0.19
0.144,-0.23
0.1445,-0.23
0.145,-0.21
0.1455,-0.23
0.146,-0.23
0.1465,-0.27
0.147,-0.27
0.1475,-0.27
0.148,-0.3
0.1485,-0.27
0.149,-0.3
0.1495,-0.27
0.15,-0.3
0.1505,-0.27
0.151,-0.27
0.1515,-0.3
0.152,-0.25
0.1525,-0.27
0.153,-0.25
0.1535,-0.25
0.154,-0.25
0.1545,-0.23
0.155,-0.25
0.1555,-0.23
0.156,-0.23
0.1565,-0.19
0.157,-0.19
0.1575,-0.19
0.158,-0.14
0.1585,-0.16
0.159,-0.14
0.1595,-0.14
0.16,-0.12
0.1605,-0.14
0.161,-0.14
0.1615,-0.12
0.162,-0.14
0.1625,-0.12
0.163,-0.14
0.1635,-0.14
0.164,-0.12
0.1645,-0.14
0.165,-0.12
0.1655,-0.16
0.166,-0.14
0.1665,-0.16
0.167,-0.19
0.1675,-0.19
0.168,-0.23
0.1685,-0.21
0.169,-0.23
0.1695,-0.21
0.17,-0.21
0.1705,-0.21
0.171,-0.19
0.1715,-0.21
0.172,-0.16
0.1725,-0.19
0.173,-0.16
0.1735,-0.16
0.174,-0.16
0.1745,-0.16
0.175,-0.16
0.1755,-0.14
0.176,-0.14
0.1765,-0.12
0.177,-0.08
0.1775,-0.1
0.178,-0.05
0.1785,-0.1
0.179,-0.05
0.1795,-0.1
0.18,-0.1
0.1805,-0.08
0.181,-0.12
0.1815,-0.1
0.182,-0.12
0.1825,-0.1
0.183,-0.12
0.1835,-0.12
0.184,-0.12
0.1845,-0.12
0.185,-0.1
0.1855,-0.14
0.186,-0.14
0.1865,-0.14
0.187,-0.19
0.1875,-0.16
0.188,-0.19
0.1885,-0.16
0.189,-0.21
0.1895,-0.19
0.19,-0.19
0.1905,-0.21
0.191,-0.16
0.1915,-0.45
0.192,-0.6
0.1925,3.97
0.193,-5.15
0.1935,-8.41
0.194,0.21
0.1945,2.96
0.195,2.32
0.1955,-0.25
0.196,-2.91
0.1965,1.81
0.197,4.89
0.1975,2.32
0.198,-4.45
0.1985,-5.29
0.199,1.57
0.1995,6.41
0.2,3.11
0.2005,-5.13
0.201,-7.18
0.2015,-0.74
0.202,3.31
0.2025,5.86
0.203,-1.35
0.2035,-6.14
0.204,-3.33
0.2045,2.27
0.205,4.67
0.2055,0.14
0.206,-5.13
0.2065,-4.3
0.207,1.02
0.2075,6.41
0.208,2.76
0.2085,-4.74
0.209,-6.74
0.2095,-0.89
0.21,5.9
0.2105,4.98
0.211,-1.51
0.2115,-6.63
0.212,-3.66
0.2125,4.49
0.213,5.88
0.2135,0.58
0.214,-5.57
0.2145,-4.78
0.215,1.68
0.2155,6.76
0.216,3.66
0.2165,-4.21
0.217,-6.78
0.2175,-1.07
0.218,6.58
0.2185,5.84
0.219,-1.51
0.2195,-6.19
0.22,-2.89
0.2205,4.03
0.221,6.16
0.2215,0.43
0.222,-5.59
0.2225,-4.89
0.223,1.79
0.2235,6.14
0.224,2.49
0.2245,-4.05
0.225,-5.48
0.2255,-0.32
0.226,4.87
0.2265,3.95
0.227,-2.41
0.2275,-6.19
0.228,-3.11
0.2285,3.62
0.229,5.62
0.2295,0.32
0.23,-5.46
0.2305,-4.98
0.231,1.13
0.2315,5.77
0.232,2.78
0.2325,-3.97
0.233,-5.99
0.2335,-1.09
0.234,5
0.2345,4.78
0.235,-1.62
0.2355,-6.85
0.236,-3.92
0.2365,3.57
0.237,5.84
0.2375,0.52
0.238,-5.68
0.2385,-5.48
0.239,1.04
0.2395,6.08
0.24,3.2
0.2405,-3.92
0.241,-6.23
0.2415,-1.37
0.242,5.04
0.2425,5.02
0.243,-1.53
0.2435,-6.54
0.244,-3.77
0.2445,3.48
0.245,6.23
0.2455,0.93
0.246,-5.7
0.2465,-5.55
0.247,1.46
0.2475,6.32
0.248,3.07
0.2485,-4.03
0.249,-6.23
0.2495,-1.07
0.25,5.46
0.2505,5.13
0.251,-1.81
0.2515,-6.47
0.252,-3.35
0.2525,3.86
0.253,6.34
0.2535,0.8
0.254,-5.86
0.2545,-5.55
0.255,1.59
0.2555,6.65
0.256,3.22
0.2565,-4.23
0.257,-6.43
0.2575,-0.82
0.258,5.59
0.2585,5.07
0.259,-1.88
0.2595,-6.38
0.26,-3.04
0.2605,4.01
0.261,6.08
0.2615,0.56
0.262,-5.73
0.2625,-5.15
0.263,1.7
0.2635,6.41
0.264,2.98
0.2645,-4.19
0.265,-6.38
0.2655,-1.22
0.266,5.4
0.2665,5.07
0.267,-1.95
0.2675,-6.63
0.268,-3.59
0.2685,3.48
0.269,5.95
0.2695,0.65
0.27,-5.88
0.2705,-5.62
0.271,1.11
0.2715,6.1
0.272,3.18
0.2725,-3.84
0.273,-6.43
0.2735,-1.53
0.274,5.22
0.2745,5.15
0.275,-1.59
0.2755,-6.38
0.276,-3.77
0.2765,3.31
0.277,6.3
0.2775,1.18
0.278,-5.46
0.2785,-5.53
0.279,1.04
0.2795,6.21
0.28,3.53
0.2805,-3.7
0.281,-6.6
0.2815,-1.68
0.282,5.15
0.2825,5.42
0.283,-1.31
0.2835,-6.3
0.284,-3.95
0.2845,3.11
0.285,6.25
0.2855,1.31
0.286,-5.29
0.2865,-5.55
0.287,0.82
0.2875,5.99
0.288,3.55
0.2885,-3.4
0.289,-6.43
0.2895,-1.73
0.29,4.96
0.2905,5.24
0.291,-1.18
0.2915,-6.21
0.292,-3.88
0.2925,2.98
0.293,5.99
0.2935,1.26
0.294,-5.09
0.2945,-5.33
0.295,0.65
0.2955,5.68
0.296,3.37
0.2965,-3.18
0.297,-5.97
0.2975,-1.75
0.298,4.54
0.2985,4.91
0.299,-0.89
0.2995,-5.62
0.3,-3.7
0.3005,2.67
0.301,5.62
0.3015,1.4
0.302,-4.65
0.3025,-5.13
0.303,0.41
0.3035,5.31
0.304,3.51
0.3045,-2.82
0.305,-5.77
0.3055,-1.9
0.306,4.08
0.3065,4.74
0.307,-0.71
0.3075,-5.46
0.308,-3.95
0.3085,2.21
0.309,5.31
0.3095,1.42
0.31,-4.32
0.3105,-5.09
0.311,0.12
0.3115,4.96
0.312,3.42
0.3125,-2.63
0.313,-5.59
0.3135,-1.92
0.314,3.81
0.3145,4.69
0.315,-0.49
0.3155,-5.2
0.316,-3.75
0.3165,2.1
0.317,5.13
0.3175,1.44
0.318,-4.05
0.3185,-4.8
0.319,0.14
0.3195,4.85
0.32,3.22
0.3205,-2.47
0.321,-5.24
0.3215,-1.77
0.322,3.66
0.3225,4.3
0.323,-0.58
0.3235,-4.96
0.324,-3.4
0.3245,2.1
0.325,4.76
0.3255,1.24
0.326,-3.95
0.3265,-4.54
0.327,0.16
0.3275,4.49
0.328,2.78
0.3285,-2.6
0.329,-5
0.3295,-1.68
0.33,3.48
0.3305,3.95
0.331,-0.8
0.3315,-4.82
0.332,-3.24
0.3325,2.05
0.333,4.43
0.3335,1.04
0.334,-3.9
0.3345,-4.41
0.335,0.23
0.3355,4.25
0.336,2.69
0.3365,-2.47
0.337,-4.71
0.3375,-1.48
0.338,3.42
0.3385,3.9
0.339,-0.76
0.3395,-4.58
0.34,-3.04
0.3405,2.08
0.341,4.41
0.3415,1
0.342,-3.75
0.3425,-4.23
0.343,0.34
0.3435,4.27
0.344,2.65
0.3445,-2.43
0.345,-4.69
0.3455,-1.42
0.346,3.37
0.3465,3.84
0.347,-0.76
0.3475,-4.58
0.348,-3.04
0.3485,1.92
0.349,4.3
0.3495,0.96
0.35,-3.7
0.3505,-4.14
0.351,0.3
0.3515,4.21
0.352,2.56
0.3525,-2.34
0.353,-4.63
0.3535,-1.4
0.354,3.4
0.3545,3.75
0.355,-0.69
0.3555,-4.45
0.356,-2.82
0.3565,2.01
0.357,4.36
0.3575,1.13
0.358,-3.53
0.3585,-3.84
0.359,0.43
0.3595,4.16
0.36,2.6
0.3605,-2.14
0.361,-4.25
0.3615,-1.24
0.362,3.37
0.3625,3.66
0.363,-0.58
0.3635,-4.08
0.364,-2.65
0.3645,2.03
0.365,4.12
0.3655,1.09
0.366,-3.37
0.3665,-3.75
0.367,0.36
0.3675,3.84
0.368,2.43
0.3685,-2.21
0.369,-4.19
0.3695,-1.33
0.37,3
0.3705,3.37
0.371,-0.69
0.3715,-3.97
0.372,-2.67
0.3725,1.77
0.373,3.81
0.3735,0.85
0.374,-3.24
0.3745,-3.62
0.375,0.34
0.3755,3.59
0.376,2.23
0.3765,-2.03
0.377,-3.99
0.3775,-1.11
0.378,2.93
0.3785,3.26
0.379,-0.63
0.3795,-3.77
0.38,-2.41
0.3805,1.77
0.381,3.75
0.3815,0.82
0.382,-3.11
0.3825,-3.37
0.383,0.41
0.3835,3.59
0.384,2.12
0.3845,-1.99
0.385,-3.84
0.3855,-1.02
0.386,2.89
0.3865,3.02
0.387,-0.71
0.3875,-3.77
0.388,-2.32
0.3885,1.73
0.389,3.48
0.3895,0.63
0.39,-3.15
0.3905,-3.22
0.391,0.38
0.3915,3.42
0.392,1.92
0.3925,-2.12
0.393,-3.7
0.3935,-0.96
0.394,2.87
0.3945,2.82
0.395,-0.78
0.3955,-3.64
0.396,-2.21
0.3965,1.84
0.397,3.37
0.3975,0.6
0.398,-3.04
0.3985,-3.04
0.399,0.54
0.3995,3.33
0.4,1.84
0.4005,-2.12
0.401,-3.53
0.4015,-0.82
0.402,2.78
0.4025,2.78
0.403,-0.87
0.4035,-3.51
0.404,-2.12
0.4045,1.81
0.405,3.24
0.4055,0.45
0.406,-3.02
0.4065,-3.09
0.407,0.47
0.4075,3.11
0.408,1.62
0.4085,-2.19
0.409,-3.59
0.4095,-0.87
0.41,2.54
0.4105,2.54
0.411,-1.02
0.4115,-3.59
0.412,-2.1
0.4125,1.64
0.413,3.07
0.4135,0.27
0.414,-3.04
0.4145,-3
0.415,0.45
0.4155,3.09
0.416,1.51
0.4165,-2.12
0.417,-3.48
0.4175,-0.74
0.418,2.63
0.4185,2.49
0.419,-0.93
0.4195,-3.48
0.42,-1.92
0.4205,1.7
0.421,3.02
0.4215,0.3
0.422,-3.02
0.4225,-2.85
0.423,0.54
0.4235,3.09
0.424,1.44
0.4245,-2.16
0.425,-3.35
0.4255,-0.74
0.426,2.6
0.4265,2.32
0.427,-1.07
0.4275,-3.53
0.428,-1.95
0.4285,1.68
0.429,2.8
0.4295,0.16
0.43,-3.09
0.4305,-2.8
0.431,0.58
0.4315,2.93
0.432,1.35
0.4325,-2.23
0.433,-3.26
0.4335,-0.67
0.434,2.54
0.4345,2.3
0.435,-1.13
0.4355,-3.35
0.436,-1.81
0.4365,1.75
0.437,2.82
0.4375,0.19
0.438,-2.89
0.4385,-2.69
0.439,0.69
0.4395,2.91
0.44,1.33
0.4405,-2.14
0.441,-3.22
0.4415,-0.56
0.442,2.49
0.4425,2.23
0.443,-1.13
0.4435,-3.31
0.444,-1.73
0.4445,1.68
0.445,2.78
0.4455,0.05
0.446,-2.96
0.4465,-2.71
0.447,0.54
0.4475,2.76
0.448,1.09
0.4485,-2.23
0.449,-3.31
0.4495,-0.65
0.45,2.36
0.4505,2.05
0.451,-1.18
0.4515,-3.35
0.452,-1.73
0.4525,1.62
0.453,2.67
0.4535,0.01
0.454,-2.96
0.4545,-2.58
0.455,0.58
0.4555,2.82
0.456,1.15
0.4565,-2.12
0.457,-3.09
0.4575,-0.52
0.458,2.54
0.4585,2.12
0.459,-1.04
0.4595,-3.18
0.46,-1.57
0.4605,1.75
0.461,2.65
0.4615,0.08
0.462,-2.87
0.4625,-2.47
0.463,0.65
0.4635,2.74
0.464,1.15
0.4645,-2.14
0.465,-3.02
0.4655,-0.52
0.466,2.41
0.4665,1.99
0.467,-1.18
0.4675,-3.18
0.468,-1.66
0.4685,1.62
0.469,2.45
0.4695,-0.1
0.47,-2.89
0.4705,-2.54
0.471,0.58
0.4715,2.58
0.472,1.04
0.4725,-2.16
0.473,-3.02
0.4735,-0.47
0.474,2.3
0.4745,1.95
0.475,-1.15
0.4755,-3.09
0.476,-1.55
0.4765,1.64
0.477,2.54
0.4775,-0.01
0.478,-2.71
0.4785,-2.36
0.479,0.71
0.4795,2.67
0.48,1.09
0.4805,-1.99
0.481,-2.89
0.4815,-0.38
0.482,2.3
0.4825,1.92
0.483,-1.09
0.4835,-3.02
0.484,-1.46
0.4845,1.59
0.485,2.45
0.4855,-0.05
0.486,-2.71
0.4865,-2.34
0.487,0.58
0.4875,2.54
0.488,0.91
0.4885,-2.08
0.489,-2.91
0.4895,-0.47
0.49,2.21
0.4905,1.75
0.491,-1.15
0.4915,-3.02
0.492,-1.48
0.4925,1.53
0.493,2.3
0.4935,-0.08
0.494,-2.71
0.4945,-2.3
0.495,0.6
0.4955,2.45
0.496,0.96
0.4965,-2.03
0.497,-2.71
0.4975,-0.36
0.498,2.27
0.4985,1.84
0.499,-1.02
0.4995,-2.8
0.5,-1.33
0.5005,1.64
0.501,2.36
0.5015,0.01
0.502,-2.54
0.5025,-2.12
0.503,0.74
0.5035,2.47
0.504,0.98
0.5045,-1.92
0.505,-2.63
0.5055,-0.3
0.506,2.19
0.5065,1.77
0.507,-1.09
0.5075,-2.8
0.508,-1.35
0.5085,1.51
0.509,2.23
0.5095,-0.12
0.51,-2.54
0.5105,-2.16
0.511,0.65
0.5115,2.34
0.512,0.85
0.5125,-1.92
0.513,-2.6
0.5135,-0.3
0.514,2.12
0.5145,1.7
0.515,-1.04
0.5155,-2.69
0.516,-1.2
0.5165,1.55
0.517,2.27
0.5175,-0.01
0.518,-2.36
0.5185,-1.92
0.519,0.76
0.5195,2.45
0.52,0.93
0.5205,-1.77
0.521,-2.45
0.5215,-0.21
0.522,2.19
0.5225,1.7
0.523,-0.96
0.5235,-2.6
0.524,-1.13
0.5245,1.55
0.525,2.19
0.5255,-0.05
0.526,-2.38
0.5265,-1.92
0.527,0.67
0.5275,2.27
0.528,0.78
0.5285,-1.88
0.529,-2.45
0.5295,-0.3
0.53,2.03
0.5305,1.55
0.531,-1.07
0.5315,-2.6
0.532,-1.2
0.5325,1.46
0.533,2.01
0.5335,-0.14
0.534,-2.41
0.5345,-1.95
0.535,0.65
0.5355,2.16
0.536,0.78
0.5365,-1.84
0.537,-2.38
0.5375,-0.21
0.538,2.03
0.5385,1.57
0.539,-1
0.5395,-2.45
0.54,-1.09
0.5405,1.48
0.541,2.03
0.5415,-0.1
0.542,-2.25
0.5425,-1.84
0.543,0.71
0.5435,2.16
0.544,0.78
0.5445,-1.77
0.545,-2.3
0.5455,-0.19
0.546,1.92
0.5465,1.44
0.547,-1.07
0.5475,-2.52
0.548,-1.13
0.5485,1.35
0.549,1.88
0.5495,-0.23
0.55,-2.32
0.5505,-1.86
0.551,0.63
0.5515,2.08
0.552,0.67
0.5525,-1.77
0.553,-2.27
0.5535,-0.21
0.554,1.9
0.5545,1.42
0.555,-1
0.5555,-2.38
0.556,-1
0.5565,1.44
0.557,1.97
0.5575,-0.08
0.558,-2.12
0.5585,-1.62
0.559,0.78
0.5595,2.14
0.56,0.78
0.5605,-1.62
0.561,-2.1
0.5615,-0.08
0.562,1.97
0.5625,1.44
0.563,-0.91
0.5635,-2.25
0.564,-0.87
0.5645,1.48
0.565,1.95
0.5655,-0.08
0.566,-2.05
0.5665,-1.57
0.567,0.74
0.5675,2.05
0.568,0.69
0.5685,-1.64
0.569,-2.08
0.5695,-0.1
0.57,1.86
0.5705,1.35
0.571,-0.93
0.5715,-2.21
0.572,-0.89
0.5725,1.42
0.573,1.81
0.5735,-0.12
0.574,-2.05
0.5745,-1.55
0.575,0.74
0.5755,1.97
0.576,0.67
0.5765,-1.57
0.577,-1.95
0.5775,-0.01
0.578,1.9
0.5785,1.4
0.579,-0.87
0.5795,-2.08
0.58,-0.8
0.5805,1.42
0.581,1.81
0.5815,-0.12
0.582,-1.95
0.5825,-1.46
0.583,0.76
0.5835,1.95
0.584,0.63
0.5845,-1.55
0.585,-1.95
0.5855,-0.05
0.586,1.75
0.5865,1.24
0.587,-0.98
0.5875,-2.14
0.588,-0.87
0.5885,1.29
0.589,1.64
0.5895,-0.23
0.59,-2.01
0.5905,-1.51
0.591,0.65
0.5915,1.81
0.592,0.52
0.5925,-1.57
0.593,-1.92
0.5935,-0.05
0.594,1.7
0.5945,1.18
0.595,-0.93
0.5955,-2.05
0.596,-0.76
0.5965,1.33
0.597,1.68
0.5975,-0.14
0.598,-1.86
0.5985,-1.33
0.599,0.76
0.5995,1.86
0.6,0.54
0.6005,-1.48
0.601,-1.81
0.6015,-0.01
0.602,1.7
0.6025,1.15
0.603,-0.91
0.6035,-1.99
0.604,-0.74
0.6045,1.29
0.605,1.57
0.6055,-0.23
0.606,-1.92
0.6065,-1.4
0.607,0.63
0.6075,1.66
0.608,0.38
0.6085,-1.62
0.609,-1.88
0.6095,-0.12
0.61,1.53
0.6105,1
0.611,-1.02
0.6115,-2.05
0.612,-0.82
0.6125,1.15
0.613,1.4
0.6135,-0.34
0.614,-1.92
0.6145,-1.4
0.615,0.6
0.6155,1.59
0.616,0.41
0.6165,-1.53
0.617,-1.75
0.6175,-0.01
0.618,1.57
0.6185,1.04
0.619,-0.93
0.6195,-1.88
0.62,-0.69
0.6205,1.22
0.621,1.42
0.6215,-0.3
0.622,-1.84
0.6225,-1.31
0.623,0.63
0.6235,1.57
0.624,0.36
0.6245,-1.53
0.625,-1.75
0.6255,-0.05
0.626,1.44
0.6265,0.89
0.627,-1.04
0.6275,-1.99
0.628,-0.8
0.6285,1.04
0.629,1.24
0.6295,-0.47
0.63,-1.92
0.6305,-1.37
0.631,0.49
0.6315,1.42
0.632,0.21
0.6325,-1.57
0.633,-1.79
0.6335,-0.1
0.634,1.35
0.6345,0.78
0.635,-1.07
0.6355,-1.95
0.636,-0.71
0.6365,1.04
0.637,1.24
0.6375,-0.38
0.638,-1.79
0.6385,-1.22
0.639,0.6
0.6395,1.46
0.64,0.27
0.6405,-1.48
0.641,-1.64
0.6415,-0.03
0.642,1.4
0.6425,0.78
0.643,-1
0.6435,-1.84
0.644,-0.65
0.6445,1.07
0.645,1.18
0.6455,-0.41
0.646,-1.79
0.6465,-1.24
0.647,0.52
0.6475,1.31
0.648,0.14
0.6485,-1.59
0.649,-1.68
0.6495,-0.12
0.65,1.24
0.6505,0.67
0.651,-1.09
0.6515,-1.86
0.652,-0.71
0.6525,0.98
0.653,1.09
0.6535,-0.47
0.654,-1.77
0.6545,-1.24
0.655,0.54
0.6555,1.26
0.656,0.14
0.6565,-1.46
0.657,-1.55
0.6575,0.01
0.658,1.29
0.6585,0.74
0.659,-1
0.6595,-1.7
0.66,-0.58
0.6605,1.02
0.661,1.11
0.6615,-0.43
0.662,-1.66
0.6625,-1.11
0.663,0.56
0.6635,1.29
0.664,0.12
0.6645,-1.42
0.665,-1.53
0.6655,0.01
0.666,1.22
0.6665,0.63
0.667,-1.04
0.6675,-1.75
0.668,-0.6
0.6685,0.93
0.669,1.02
0.6695,-0.49
0.67,-1.7
0.6705,-1.11
0.671,0.52
0.6715,1.24
0.672,0.08
0.6725,-1.42
0.673,-1.48
0.6735,-0.01
0.674,1.2
0.6745,0.58
0.675,-1
0.6755,-1.66
0.676,-0.54
0.6765,0.98
0.677,1.02
0.6775,-0.41
0.678,-1.59
0.6785,-0.98
0.679,0.6
0.6795,1.26
0.68,0.16
0.6805,-1.35
0.681,-1.33
0.6815,0.05
0.682,1.24
0.6825,0.63
0.683,-0.96
0.6835,-1.55
0.684,-0.49
0.6845,1
0.685,0.98
0.6855,-0.43
0.686,-1.57
0.6865,-1
0.687,0.56
0.6875,1.11
0.688,0.05
0.6885,-1.4
0.689,-1.4
0.6895,0.05
0.69,1.11
0.6905,0.56
0.691,-1
0.6915,-1.55
0.692,-0.47
0.6925,0.93
0.693,0.93
0.6935,-0.49
0.694,-1.51
0.6945,-0.98
0.695,0.58
0.6955,1.13
0.696,0.05
0.6965,-1.29
0.697,-1.26
0.6975,0.16
0.698,1.2
0.6985,0.6
0.699,-0.87
0.6995,-1.42
0.7,-0.34
0.7005,0.98
0.701,0.98
0.7015,-0.41
0.702,-1.44
0.7025,-0.82
0.703,0.63
0.7035,1.15
0.704,0.05
0.7045,-1.24
0.705,-1.22
0.7055,0.14
0.706,1.13
0.7065,0.49
0.707,-0.91
0.7075,-1.48
0.708,-0.41
0.7085,0.89
0.709,0.82
0.7095,-0.49
0.71,-1.48
0.7105,-0.87
0.711,0.54
0.7115,1.04
0.712,-0.01
0.7125,-1.31
0.713,-1.2
0.7135,0.1
0.714,1.09
0.7145,0.47
0.715,-0.91
0.7155,-1.37
0.716,-0.34
0.7165,0.96
0.717,0.87
0.7175,-0.41
0.718,-1.33
0.7185,-0.76
0.719,0.65
0.7195,1.07
0.72,0.08
0.7205,-1.22
0.721,-1.09
0.7215,0.19
0.722,1.07
0.7225,0.47
0.723,-0.91
0.7235,-1.33
0.724,-0.32
0.7245,0.89
0.725,0.82
0.7255,-0.49
0.726,-1.37
0.7265,-0.8
0.727,0.56
0.7275,0.96
0.728,-0.08
0.7285,-1.26
0.729,-1.18
0.7295,0.1
0.73,0.93
0.7305,0.38
0.731,-0.96
0.7315,-1.35
0.732,-0.32
0.7325,0.82
0.733,0.76
0.7335,-0.52
0.734,-1.33
0.7345,-0.71
0.735,0.58
0.7355,1
0.736,-0.01
0.7365,-1.11
0.737,-1
0.7375,0.25
0.738,1.11
0.7385,0.47
0.739,-0.78
0.7395,-1.2
0.74,-0.14
0.7405,0.93
0.741,0.82
0.7415,-0.41
0.742,-1.24
0.7425,-0.63
0.743,0.6
0.7435,0.98
0.744,-0.01
0.7445,-1.13
0.745,-0.98
0.7455,0.21
0.746,1
0.7465,0.36
0.747,-0.89
0.7475,-1.24
0.748,-0.3
0.7485,0.82
0.749,0.65
0.7495,-0.49
0.75,-1.29
0.7505,-0.67
0.751,0.56
0.7515,0.87
0.752,-0.05
0.7525,-1.15
0.753,-0.96
0.7535,0.21
0.754,0.96
0.7545,0.36
0.755,-0.87
0.7555,-1.13
0.756,-0.19
0.7565,0.91
0.757,0.78
0.7575,-0.41
0.758,-1.11
0.7585,-0.52
0.759,0.71
0.7595,0.98
0.76,0.03
0.7605,-1
0.761,-0.85
0.7615,0.32
0.762,1
0.7625,0.43
0.763,-0.8
0.7635,-1.07
0.764,-0.12
0.7645,0.87
0.765,0.69
0.7655,-0.47
0.766,-1.15
0.7665,-0.56
0.767,0.56
0.7675,0.87
0.768,-0.12
0.7685,-1.09
0.769,-0.96
0.7695,0.21
0.77,0.87
0.7705,0.23
0.771,-0.85
0.7715,-1.15
0.772,-0.19
0.7725,0.74
0.773,0.58
0.7735,-0.54
0.774,-1.2
0.7745,-0.56
0.775,0.52
0.7755,0.8
0.776,-0.14
0.7765,-1.07
0.777,-0.82
0.7775,0.25
0.778,0.93
0.7785,0.3
0.779,-0.76
0.7795,-1.02
0.78,-0.1
0.7805,0.85
0.781,0.6
0.7815,-0.45
0.782,-1.13
0.7825,-0.49
0.783,0.56
0.7835,0.78
0.784,-0.12
0.7845,-1.07
0.785,-0.85
0.7855,0.19
0.786,0.8
0.7865,0.19
0.787,-0.93
0.7875,-1.13
0.788,-0.27
0.7885,0.65
0.789,0.41
0.7895,-0.63
0.79,-1.22
0.7905,-0.65
0.791,0.45
0.7915,0.6
0.792,-0.25
0.7925,-1.15
0.793,-0.93
0.7935,0.14
0.794,0.69
0.7945,0.12
0.795,-0.93
0.7955,-1.11
0.796,-0.21
0.7965,0.65
0.797,0.47
0.7975,-0.58
0.798,-1.09
0.7985,-0.52
0.799,0.54
0.7995,0.71
0.8,-0.19
0.8005,-1
0.801,-0.8
0.8015,0.23
0.802,0.74
0.8025,0.16
0.803,-0.85
0.8035,-1.04
0.804,-0.12
0.8045,0.67
0.805,0.45
0.8055,-0.58
0.806,-1.13
0.8065,-0.52
0.807,0.41
0.8075,0.58
0.808,-0.34
0.8085,-1.13
0.809,-0.89
0.8095,0.1
0.81,0.65
0.8105,0.01
0.811,-0.91
0.8115,-1.09
0.812,-0.21
0.8125,0.58
0.813,0.34
0.8135,-0.6
0.814,-1.15
0.8145,-0.52
0.815,0.41
0.8155,0.56
0.816,-0.25
0.8165,-1.04
0.817,-0.74
0.8175,0.21
0.818,0.71
0.8185,0.14
0.819,-0.8
0.8195,-0.91
0.82,-0.1
0.8205,0.67
0.821,0.38
0.8215,-0.54
0.822,-1.02
0.8225,-0.45
0.823,0.49
0.8235,0.58
0.824,-0.23
0.8245,-1
0.825,-0.74
0.8255,0.21
0.826,0.63
0.8265,0.03
0.827,-0.91
0.8275,-1
0.828,-0.23
0.8285,0.49
0.829,0.25
0.8295,-0.71
0.83,-1.13
0.8305,-0.56
0.831,0.36
0.8315,0.43
0.832,-0.38
0.8325,-1.09
0.833,-0.85
0.8335,0.1
0.834,0.49
0.8345,-0.03
0.835,-0.93
0.8355,-1.02
0.836,-0.16
0.8365,0.52
0.837,0.3
0.8375,-0.6
0.838,-1
0.8385,-0.43
0.839,0.41
0.8395,0.52
0.84,-0.32
0.8405,-0.98
0.841,-0.71
0.8415,0.16
0.842,0.58
0.8425,-0.01
0.843,-0.85
0.8435,-0.93
0.844,-0.12
0.8445,0.52
0.845,0.25
0.8455,-0.6
0.846,-1.04
0.8465,-0.45
0.847,0.32
0.8475,0.41
0.848,-0.38
0.8485,-1.07
0.849,-0.76
0.8495,0.1
0.85,0.49
0.8505,-0.1
0.851,-0.89
0.8515,-0.93
0.852,-0.16
0.8525,0.49
0.853,0.19
0.8535,-0.63
0.854,-1.02
0.8545,-0.43
0.855,0.38
0.8555,0.41
0.856,-0.3
0.8565,-0.96
0.857,-0.63
0.8575,0.21
0.858,0.58
0.8585,0.03
0.859,-0.76
0.8595,-0.76
0.86,-0.03
0.8605,0.6
0.861,0.3
0.8615,-0.54
0.862,-0.87
0.8625,-0.34
0.863,0.45
0.8635,0.45
0.864,-0.27
0.8645,-0.85
0.865,-0.58
0.8655,0.25
0.866,0.54
0.8665,-0.01
0.867,-0.8
0.8675,-0.82
0.868,-0.08
0.8685,0.47
0.869,0.19
0.8695,-0.63
0.87,-0.93
0.8705,-0.38
0.871,0.36
0.8715,0.38
0.872,-0.36
0.8725,-0.89
0.873,-0.63
0.8735,0.21
0.874,0.49
0.8745,-0.08
0.875,-0.76
0.8755,-0.8
0.876,-0.03
0.8765,0.52
0.877,0.25
0.8775,-0.52
0.878,-0.82
0.8785,-0.25
0.879,0.45
0.8795,0.45
0.88,-0.27
0.8805,-0.8
0.881,-0.49
0.8815,0.25
0.882,0.54
0.8825,-0.03
0.883,-0.71
0.8835,-0.71
0.884,-0.01
0.8845,0.54
0.885,0.21
0.8855,-0.52
0.886,-0.85
0.8865,-0.27
0.887,0.36
0.8875,0.34
0.888,-0.36
0.8885,-0.89
0.889,-0.56
0.8895,0.16
0.89,0.45
0.8905,-0.1
0.891,-0.78
0.8915,-0.74
0.892,-0.05
0.8925,0.45
0.893,0.14
0.8935,-0.58
0.894,-0.82
0.8945,-0.32
0.895,0.36
0.8955,0.3
0.896,-0.32
0.8965,-0.85
0.897,-0.49
0.8975,0.23
0.898,0.47
0.8985,-0.05
0.899,-0.74
0.8995,-0.67
0.9,0.01
0.9005,0.47
0.901,0.16
0.9015,-0.56
0.902,-0.76
0.9025,-0.25
0.903,0.38
0.9035,0.32
0.904,-0.36
0.9045,-0.8
0.905,-0.52
0.9055,0.19
0.906,0.38
0.9065,-0.14
0.907,-0.78
0.9075,-0.76
0.908,-0.08
0.9085,0.34
0.909,0.05
0.9095,-0.65
0.91,-0.85
0.9105,-0.3
0.911,0.3
0.9115,0.27
0.912,-0.41
0.9125,-0.8
0.913,-0.52
0.9135,0.16
0.914,0.38
0.9145,-0.14
0.915,-0.71
0.9155,-0.67
0.916,0.01
0.9165,0.43
0.917,0.12
0.9175,-0.52
0.918,-0.71
0.9185,-0.16
0.919,0.38
0.9195,0.32
0.92,-0.32
0.9205,-0.74
0.921,-0.41
0.9215,0.21
0.922,0.43
0.9225,-0.12
0.923,-0.69
0.9235,-0.6
0.924,0.01
0.9245,0.45
0.925,0.1
0.9255,-0.52
0.926,-0.71
0.9265,-0.19
0.927,0.36
0.9275,0.23
0.928,-0.36
0.9285,-0.78
0.929,-0.43
0.9295,0.19
0.93,0.36
0.9305,-0.14
0.931,-0.71
0.9315,-0.6
0.932,0.01
0.9325,0.41
0.933,0.1
0.9335,-0.54
0.934,-0.69
0.9345,-0.19
0.935,0.36
0.9355,0.25
0.936,-0.32
0.9365,-0.67
0.937,-0.34
0.9375,0.32
0.938,0.45
0.9385,-0.01
0.939,-0.56
0.9395,-0.45
0.94,0.14
0.9405,0.49
0.941,0.16
0.9415,-0.45
0.942,-0.58
0.9425,-0.08
0.943,0.43
0.9435,0.34
0.944,-0.27
0.9445,-0.6
0.945,-0.32
0.9455,0.3
0.946,0.41
0.9465,-0.12
0.947,-0.63
0.9475,-0.54
0.948,0.05
0.9485,0.36
0.949,0.05
0.9495,-0.52
0.95,-0.65
0.9505,-0.14
0.951,0.34
0.9515,0.25
0.952,-0.34
0.9525,-0.67
0.953,-0.32
0.9535,0.23
0.954,0.36
0.9545,-0.14
0.955,-0.6
0.9555,-0.49
0.956,0.1
0.9565,0.43
0.957,0.1
0.9575,-0.43
0.958,-0.54
0.9585,-0.03
0.959,0.43
0.9595,0.3
0.96,-0.25
0.9605,-0.58
0.961,-0.23
0.9615,0.3
0.962,0.41
0.9625,-0.08
0.963,-0.56
0.9635,-0.41
0.964,0.1
0.9645,0.43
0.965,0.08
0.9655,-0.45
0.966,-0.56
0.9665,-0.12
0.967,0.34
0.9675,0.16
0.968,-0.38
0.9685,-0.67
0.969,-0.36
0.9695,0.19
0.97,0.25
0.9705,-0.19
0.971,-0.65
0.9715,-0.49
0.972,0.03
0.9725,0.32
0.973,-0.01
0.9735,-0.56
0.974,-0.6
0.9745,-0.16
0.975,0.27
0.9755,0.16
0.976,-0.38
0.9765,-0.63
0.977,-0.27
0.9775,0.25
0.978,0.32
0.9785,-0.14
0.979,-0.56
0.9795,-0.43
0.98,0.1
0.9805,0.34
0.981,0.01
0.9815,-0.52
0.982,-0.56
0.9825,-0.08
0.983,0.3
0.9835,0.16
0.984,-0.38
0.9845,-0.6
0.985,-0.27
0.9855,0.21
0.986,0.25
0.9865,-0.23
0.987,-0.65
0.9875,-0.52
0.988,-0.01
0.9885,0.25
0.989,-0.1
0.9895,-0.56
0.99,-0.63
0.9905,-0.14
0.991,0.21
0.9915,0.08
0.992,-0.43
0.9925,-0.67
0.993,-0.32
0.9935,0.14
0.994,0.21
0.9945,-0.25
0.995,-0.65
0.9955,-0.45
0.996,0.03
0.9965,0.3
0.997,-0.03
0.9975,-0.47
0.998,-0.49
0.9985,-0.08
0.999,0.32
0.9995,0.12
1,-0.34
1.0005,-0.6
1.001,-0.23
1.0015,0.21
1.002,0.23
1.0025,-0.21
1.003,-0.58
1.0035,-0.41
1.004,0.05
1.0045,0.27
1.005,-0.05
1.0055,-0.54
1.006,-0.56
1.0065,-0.14
1.007,0.21
1.0075,0.01
1.008,-0.47
1.0085,-0.67
1.009,-0.36
1.0095,0.12
1.01,0.1
1.0105,-0.3
1.011,-0.65
1.0115,-0.49
1.012,-0.01
1.0125,0.16
1.013,-0.14
1.0135,-0.63
1.014,-0.6
1.0145,-0.16
1.015,0.14
1.0155,0.01
1.016,-0.47
1.0165,-0.63
1.017,-0.32
1.0175,0.14
1.018,0.16
1.0185,-0.27
1.019,-0.58
1.0195,-0.43
1.02,0.05
1.0205,0.21
1.021,-0.1
1.0215,-0.54
1.022,-0.54
1.0225,-0.12
1.023,0.19
1.0235,0.01
1.024,-0.45
1.0245,-0.63
1.025,-0.3
1.0255,0.08
1.026,0.1
1.0265,-0.36
1.027,-0.67
1.0275,-0.49
1.028,-0.08
1.0285,0.1
1.029,-0.25
1.0295,-0.63
1.03,-0.65
1.0305,-0.21
1.031,0.1
1.0315,-0.1
1.032,-0.52
1.0325,-0.67
1.033,-0.32
1.0335,0.05
1.034,0.05
1.0345,-0.34
1.035,-0.67
1.0355,-0.45
1.036,-0.01
1.0365,0.16
1.037,-0.14
1.0375,-0.54
1.038,-0.49
1.0385,-0.1
1.039,0.21
1.0395,-0.01
1.04,-0.41
1.0405,-0.56
1.041,-0.25
1.0415,0.14
1.042,0.1
1.0425,-0.27
1.043,-0.6
1.0435,-0.38
1.044,0.01
1.0445,0.14
1.045,-0.16
1.0455,-0.58
1.046,-0.54
1.0465,-0.16
1.047,0.1
1.0475,-0.08
1.048,-0.54
1.0485,-0.63
1.049,-0.36
1.0495,0.03
1.05,0.01
1.0505,-0.38
1.051,-0.63
1.0515,-0.45
1.052,-0.01
1.0525,0.1
1.053,-0.19
1.0535,-0.56
1.054,-0.52
1.0545,-0.1
1.055,0.14
1.0555,-0.01
1.056,-0.41
1.0565,-0.49
1.057,-0.16
1.0575,0.16
1.058,0.16
1.0585,-0.23
1.059,-0.45
1.0595,-0.27
1.06,0.12
1.0605,0.27
1.061,-0.08
1.0615,-0.41
1.062,-0.38
1.0625,0.01
1.063,0.23
1.0635,0.05
1.064,-0.34
1.0645,-0.45
1.065,-0.12
1.0655,0.19
1.066,0.14
1.0665,-0.25
1.067,-0.52
1.0675,-0.3
1.068,0.03
1.0685,0.16
1.069,-0.19
1.0695,-0.47
1.07,-0.43
1.0705,-0.05
1.071,0.19
1.0715,-0.01
1.072,-0.36
1.0725,-0.47
1.073,-0.16
1.0735,0.19
1.074,0.12
1.0745,-0.23
1.075,-0.49
1.0755,-0.25
1.076,0.12
1.0765,0.23
1.077,-0.05
1.0775,-0.38
1.078,-0.3
1.0785,0.03
1.079,0.3
1.0795,0.1
1.08,-0.27
1.0805,-0.36
1.081,-0.1
1.0815,0.25
1.082,0.14
1.0825,-0.19
1.083,-0.43
1.0835,-0.23
1.084,0.14
1.0845,0.21
1.085,-0.08
1.0855,-0.41
1.086,-0.34
1.0865,-0.01
1.087,0.16
1.0875,-0.01
1.088,-0.43
1.0885,-0.45
1.089,-0.19
1.0895,0.1
1.09,0.05
1.0905,-0.32
1.091,-0.49
1.0915,-0.32
1.092,0.05
1.0925,0.12
1.093,-0.16
1.0935,-0.45
1.094,-0.41
1.0945,-0.03
1.095,0.12
1.0955,-0.05
1.096,-0.38
1.0965,-0.45
1.097,-0.12
1.0975,0.14
1.098,0.12
1.0985,-0.25
1.099,-0.43
1.0995,-0.21
1.1,0.08
1.1005,0.19
1.101,-0.14
1.1015,-0.41
1.102,-0.34
1.1025,-0.01
1.103,0.19
1.1035,-0.03
1.104,-0.36
1.1045,-0.45
1.105,-0.14
1.1055,0.12
1.106,0.01
1.1065,-0.32
1.107,-0.54
1.1075,-0.32
1.108,-0.01
1.1085,0.03
1.109,-0.25
1.1095,-0.54
1.11,-0.43
1.1105,-0.12
1.111,0.1
1.1115,-0.14
1.112,-0.43
1.1125,-0.47
1.113,-0.21
1.1135,0.08
1.114,-0.03
1.1145,-0.32
1.115,-0.49
1.1155,-0.3
1.116,0.05
1.1165,0.08
1.117,-0.14
1.1175,-0.43
1.118,-0.3
1.1185,0.01
1.119,0.16
1.1195,-0.01
1.12,-0.36
1.1205,-0.36
1.121,-0.1
1.1215,0.16
1.122,0.08
1.1225,-0.27
1.123,-0.41
1.1235,-0.23
1.124,0.1
1.1245,0.12
1.125,-0.14
1.1255,-0.41
1.126,-0.36
1.1265,-0.03
1.127,0.08
1.1275,-0.1
1.128,-0.43
1.1285,-0.47
1.129,-0.16
1.1295,0.03
1.13,-0.01
1.1305,-0.36
1.131,-0.47
1.1315,-0.27
1.132,0.01
1.1325,0.05
1.133,-0.23
1.1335,-0.43
1.134,-0.36
1.1345,-0.03
1.135,0.1
1.1355,-0.1
1.136,-0.36
1.1365,-0.38
1.137,-0.05
1.1375,0.14
1.138,0.08
1.1385,-0.23
1.139,-0.36
1.1395,-0.14
1.14,0.12
1.1405,0.14
1.141,-0.14
1.1415,-0.36
1.142,-0.27
1.1425,-0.01
1.143,0.14
1.1435,-0.08
1.144,-0.34
1.1445,-0.36
1.145,-0.1
1.1455,0.1
1.146,-0.01
1.1465,-0.32
1.147,-0.49
1.1475,-0.27
1.148,-0.01
1.1485,-0.03
1.149,-0.25
1.1495,-0.49
1.15,-0.36
1.1505,-0.08
1.151,0.05
1.1515,-0.14
1.152,-0.43
1.1525,-0.41
1.153,-0.19
1.1535,0.05
1.154,-0.05
1.1545,-0.34
1.155,-0.45
1.1555,-0.25
1.156,0.03
1.1565,0.03
1.157,-0.19
1.1575,-0.38
1.158,-0.27
1.1585,0.01
1.159,0.1
1.1595,-0.05
1.16,-0.36
1.1605,-0.34
1.161,-0.08
1.1615,0.1
1.162,0.01
1.1625,-0.3
1.163,-0.38
1.1635,-0.21
1.164,0.05
1.1645,0.05
1.165,-0.21
1.1655,-0.38
1.166,-0.32
1.1665,-0.03
1.167,0.03
1.1675,-0.16
1.168,-0.43
1.1685,-0.45
1.169,-0.16
1.1695,-0.01
1.17,-0.08
1.1705,-0.36
1.171,-0.45
1.1715,-0.23
1.172,-0.01
1.1725,0.03
1.173,-0.25
1.1735,-0.41
1.174,-0.3
1.1745,-0.05
1.175,0.05
1.1755,-0.14
1.176,-0.36
1.1765,-0.34
1.177,-0.05
1.1775,0.14
1.178,0.01
1.1785,-0.21
1.179,-0.32
1.1795,-0.1
1.18,0.1
1.1805,0.1
1.181,-0.14
1.1815,-0.34
1.182,-0.21
1.1825,0.01
1.183,0.12
1.1835,-0.08
1.184,-0.32
1.1845,-0.3
1.185,-0.08
1.1855,0.1
1.186,-0.05
1.1865,-0.3
1.187,-0.41
1.1875,-0.23
1.188,0.01
1.1885,-0.03
1.189,-0.27
1.1895,-0.45
1.19,-0.32
1.1905,-0.05
1.191,-0.01
1.1915,-0.16
1.192,-0.41
1.1925,-0.34
1.193,-0.12
1.1935,0.03
1.194,-0.05
1.1945,-0.34
1.195,-0.38
1.1955,-0.21
1.196,0.03
1.1965,-0.01
1.197,-0.23
1.1975,-0.36
1.198,-0.25
1.1985,0.01
1.199,0.05
1.1995,-0.1
1.2,-0.34
1.2005,-0.32
1.201,-0.08
1.2015,0.03
1.202,-0.05
1.2025,-0.34
1.203,-0.38
1.2035,-0.21
1.204,-0.03
1.2045,-0.03
1.205,-0.3
1.2055,-0.41
1.206,-0.32
1.2065,-0.08
1.207,-0.03
1.2075,-0.25
1.208,-0.43
1.2085,-0.45
1.209,-0.19
1.2095,-0.05
1.21,-0.19
1.2105,-0.41
1.211,-0.47
1.2115,-0.27
1.212,-0.1
1.2125,-0.1
1.213,-0.34
1.2135,-0.47
1.214,-0.34
1.2145,-0.14
1.215,-0.05
1.2155,-0.25
1.216,-0.43
1.2165,-0.36
1.217,-0.14
1.2175,0.01
1.218,-0.14
1.2185,-0.32
1.219,-0.41
1.2195,-0.21
1.22,-0.01
1.2205,-0.08
1.221,-0.27
1.2215,-0.43
1.222,-0.27
1.2225,-0.08
1.223,-0.03
1.2235,-0.21
1.224,-0.43
1.2245,-0.34
1.225,-0.16
1.2255,-0.01
1.226,-0.16
1.2265,-0.41
1.227,-0.45
1.2275,-0.32
1.228,-0.1
1.2285,-0.16
1.229,-0.36
1.2295,-0.47
1.23,-0.38
1.2305,-0.12
1.231,-0.1
1.2315,-0.27
1.232,-0.45
1.2325,-0.41
1.233,-0.16
1.2335,-0.08
1.234,-0.16
1.2345,-0.41
1.235,-0.41
1.2355,-0.23
1.236,-0.03
1.2365,-0.05
1.237,-0.27
1.2375,-0.36
1.238,-0.25
1.2385,-0.01
1.239,0.01
1.2395,-0.16
1.24,-0.34
1.2405,-0.32
1.241,-0.1
1.2415,-0.01
1.242,-0.12
1.2425,-0.34
1.243,-0.38
1.2435,-0.16
1.244,-0.03
1.2445,-0.05
1.245,-0.3
1.2455,-0.38
1.246,-0.27
1.2465,-0.1
1.247,-0.08
1.2475,-0.27
1.248,-0.43
1.2485,-0.38
1.249,-0.19
1.2495,-0.05
1.25,-0.21
1.2505,-0.36
1.251,-0.41
1.2515,-0.19
1.252,-0.05
1.2525,-0.1
1.253,-0.3
1.2535,-0.41
1.254,-0.25
1.2545,-0.08
1.255,-0.03
1.2555,-0.21
1.256,-0.36
1.2565,-0.25
1.257,-0.08
1.2575,0.05
1.258,-0.08
1.2585,-0.25
1.259,-0.25
1.2595,-0.1
1.26,0.05
1.2605,-0.01
1.261,-0.19
1.2615,-0.3
1.262,-0.19
1.2625,0.01
1.263,0.01
1.2635,-0.14
1.264,-0.32
1.2645,-0.23
1.265,-0.05
1.2655,0.03
1.266,-0.1
1.2665,-0.32
1.267,-0.32
1.2675,-0.19
1.268,-0.01
1.2685,-0.1
1.269,-0.3
1.2695,-0.36
1.27,-0.25
1.2705,-0.03
1.271,-0.05
1.2715,-0.19
1.272,-0.34
1.2725,-0.27
1.273,-0.08
1.2735,-0.01
1.274,-0.1
1.2745,-0.3
1.275,-0.3
1.2755,-0.12
1.276,0.01
1.2765,-0.01
1.277,-0.21
1.2775,-0.25
1.278,-0.14
1.2785,0.03
1.279,0.08
1.2795,-0.12
1.28,-0.23
1.2805,-0.21
1.281,-0.01
1.2815,0.05
1.282,-0.05
1.2825,-0.23
1.283,-0.27
1.2835,-0.05
1.284,0.01
1.2845,-0.01
1.285,-0.19
1.2855,-0.3
1.286,-0.19
1.2865,-0.05
1.287,-0.03
1.2875,-0.23
1.288,-0.36
1.2885,-0.27
1.289,-0.12
1.2895,-0.03
1.29,-0.19
1.2905,-0.32
1.291,-0.32
1.2915,-0.16
1.292,-0.01
1.2925,-0.1
1.293,-0.25
1.2935,-0.34
1.294,-0.19
1.2945,-0.03
1.295,-0.03
1.2955,-0.19
1.296,-0.32
1.2965,-0.23
1.297,-0.05
1.2975,0.01
1.298,-0.1
1.2985,-0.25
1.299,-0.23
1.2995,-0.1
1.3,0.03
1.3005,-0.05
1.301,-0.23
1.3015,-0.27
1.302,-0.19
1.3025,-0.01
1.303,-0.03
1.3035,-0.16
1.304,-0.3
1.3045,-0.23
1.305,-0.05
1.3055,-0.01
1.306,-0.14
1.3065,-0.32
1.307,-0.32
1.3075,-0.16
1.308,-0.08
1.3085,-0.14
1.309,-0.34
1.3095,-0.36
1.31,-0.27
1.3105,-0.1
1.311,-0.1
1.3115,-0.27
1.312,-0.34
1.3125,-0.3
1.313,-0.1
1.3135,-0.08
1.314,-0.19
1.3145,-0.32
1.315,-0.32
1.3155,-0.14
1.316,-0.05
1.3165,-0.08
1.317,-0.23
1.3175,-0.27
1.318,-0.12
1.3185,0.01
1.319,0.03
1.3195,-0.14
1.32,-0.23
1.3205,-0.19
1.321,-0.03
1.3215,0.01
1.322,-0.1
1.3225,-0.23
1.323,-0.25
1.3235,-0.1
1.324,0.01
1.3245,-0.08
1.325,-0.23
1.3255,-0.32
1.326,-0.19
1.3265,-0.08
1.327,-0.1
1.3275,-0.25
1.328,-0.34
1.3285,-0.27
1.329,-0.12
1.3295,-0.05
1.33,-0.19
1.3305,-0.32
1.331,-0.27
1.3315,-0.14
1.332,-0.01
1.3325,-0.12
1.333,-0.23
1.3335,-0.27
1.334,-0.16
1.3345,-0.01
1.335,-0.08
1.3355,-0.16
1.336,-0.27
1.3365,-0.19
1.337,-0.01
1.3375,0.03
1.338,-0.05
1.3385,-0.21
1.339,-0.14
1.3395,-0.05
1.34,0.05
1.3405,-0.01
1.341,-0.19
1.3415,-0.21
1.342,-0.12
1.3425,0.03
1.343,-0.01
1.3435,-0.14
1.344,-0.23
1.3445,-0.19
1.345,-0.03
1.3455,-0.01
1.346,-0.12
1.3465,-0.25
1.347,-0.27
1.3475,-0.12
1.348,-0.08
1.3485,-0.12
1.349,-0.3
1.3495,-0.3
1.35,-0.19
1.3505,-0.08
1.351,-0.08
1.3515,-0.23
1.352,-0.27
1.3525,-0.23
1.353,-0.08
1.3535,-0.05
1.354,-0.16
1.3545,-0.27
1.355,-0.27
1.3555,-0.12
1.356,-0.03
1.3565,-0.1
1.357,-0.21
1.3575,-0.25
1.358,-0.1
1.3585,-0.01
1.359,-0.01
1.3595,-0.16
1.36,-0.23
1.3605,-0.14
1.361,-0.03
1.3615,0.01
1.362,-0.14
1.3625,-0.23
1.363,-0.21
1.3635,-0.1
1.364,-0.01
1.3645,-0.1
1.365,-0.23
1.3655,-0.27
1.366,-0.19
1.3665,-0.05
1.367,-0.14
1.3675,-0.25
1.368,-0.36
1.3685,-0.27
1.369,-0.14
1.3695,-0.12
1.37,-0.21
1.3705,-0.34
1.371,-0.27
1.3715,-0.19
1.372,-0.08
1.3725,-0.16
1.373,-0.3
1.3735,-0.27
1.374,-0.21
1.3745,-0.05
1.375,-0.12
1.3755,-0.21
1.376,-0.25
1.3765,-0.19
1.377,-0.03
1.3775,-0.03
1.378,-0.1
1.3785,-0.23
1.379,-0.19
1.3795,-0.08
1.38,-0.03
1.3805,-0.08
1.381,-0.23
1.3815,-0.25
1.382,-0.16
1.3825,-0.05
1.383,-0.1
1.3835,-0.23
1.384,-0.27
1.3845,-0.25
1.385,-0.12
1.3855,-0.12
1.386,-0.23
1.3865,-0.32
1.387,-0.34
1.3875,-0.21
1.388,-0.19
1.3885,-0.23
1.389,-0.34
1.3895,-0.38
1.39,-0.27
1.3905,-0.19
1.391,-0.21
1.3915,-0.34
1.392,-0.36
1.3925,-0.27
1.393,-0.19
1.3935,-0.14
1.394,-0.27
1.3945,-0.34
1.395,-0.34
1.3955,-0.21
1.396,-0.12
1.3965,-0.21
1.397,-0.27
1.3975,-0.3
1.398,-0.16
1.3985,-0.08
1.399,-0.1
1.3995,-0.21
1.4,-0.3
1.4005,-0.21
1.401,-0.14
1.4015,-0.12
1.402,-0.23
1.4025,-0.32
1.403,-0.27
1.4035,-0.19
1.404,-0.12
1.4045,-0.23
1.405,-0.32
1.4055,-0.34
1.406,-0.27
1.4065,-0.19
1.407,-0.25
1.4075,-0.36
1.408,-0.43
1.4085,-0.36
1.409,-0.25
1.4095,-0.25
1.41,-0.32
1.4105,-0.43
1.411,-0.36
1.4115,-0.27
1.412,-0.21
1.4125,-0.25
1.413,-0.38
1.4135,-0.36
1.414,-0.27
1.4145,-0.16
1.415,-0.21
1.4155,-0.32
1.416,-0.32
1.4165,-0.27
1.417,-0.1
1.4175,-0.12
1.418,-0.19
1.4185,-0.25
1.419,-0.23
1.4195,-0.1
1.42,-0.08
1.4205,-0.1
1.421,-0.23
1.4215,-0.23
1.422,-0.14
1.4225,-0.1
1.423,-0.1
1.4235,-0.23
1.424,-0.25
1.4245,-0.19
1.425,-0.12
1.4255,-0.08
1.426,-0.23
1.4265,-0.27
1.427,-0.3
1.4275,-0.19
1.428,-0.14
1.4285,-0.25
1.429,-0.32
1.4295,-0.36
1.43,-0.23
1.4305,-0.16
1.431,-0.19
1.4315,-0.27
1.432,-0.34
1.4325,-0.23
1.433,-0.19
1.4335,-0.14
1.434,-0.25
1.4345,-0.32
1.435,-0.27
1.4355,-0.19
1.436,-0.1
1.4365,-0.19
1.437,-0.23
1.4375,-0.25
1.438,-0.14
1.4385,-0.05
1.439,-0.12
1.4395,-0.19
1.44,-0.27
1.4405,-0.19
1.441,-0.1
1.4415,-0.1
1.442,-0.16
1.4425,-0.27
1.443,-0.21
1.4435,-0.14
1.444,-0.08
1.4445,-0.14
1.445,-0.25
1.4455,-0.25
1.446,-0.21
1.4465,-0.12
1.447,-0.19
1.4475,-0.3
1.448,-0.34
1.4485,-0.3
1.449,-0.19
1.4495,-0.21
1.45,-0.25
1.4505,-0.34
1.451,-0.3
1.4515,-0.19
1.452,-0.16
1.4525,-0.21
1.453,-0.32
1.4535,-0.27
1.454,-0.21
1.4545,-0.16
1.455,-0.19
1.4555,-0.3
1.456,-0.27
1.4565,-0.23
1.457,-0.1
1.4575,-0.1
1.458,-0.19
1.4585,-0.23
1.459,-0.21
1.4595,-0.1
1.46,-0.08
1.4605,-0.16
1.461,-0.23
1.4615,-0.25
1.462,-0.14
1.4625,-0.12
1.463,-0.12
1.4635,-0.23
1.464,-0.25
1.4645,-0.19
1.465,-0.12
1.4655,-0.1
1.466,-0.23
1.4665,-0.25
1.467,-0.23
1.4675,-0.16
1.468,-0.14
1.4685,-0.23
1.469,-0.27
1.4695,-0.3
1.47,-0.19
1.4705,-0.14
1.471,-0.16
1.4715,-0.23
1.472,-0.27
1.4725,-0.19
1.473,-0.14
1.4735,-0.12
1.474,-0.19
1.4745,-0.27
1.475,-0.21
1.4755,-0.14
1.476,-0.08
1.4765,-0.14
1.477,-0.19
1.4775,-0.16
1.478,-0.1
1.4785,-0.01
1.479,-0.1
1.4795,-0.14
1.48,-0.19
1.4805,-0.12
1.481,-0.03
1.4815,-0.08
1.482,-0.12
1.4825,-0.21
1.483,-0.16
1.4835,-0.08
1.484,-0.08
1.4845,-0.12
1.485,-0.23
1.4855,-0.19
1.486,-0.14
1.4865,-0.1
1.487,-0.14
1.4875,-0.27
1.488,-0.27
1.4885,-0.23
1.489,-0.12
1.4895,-0.16
1.49,-0.23
1.4905,-0.25
1.491,-0.25
1.4915,-0.14
1.492,-0.14
1.4925,-0.19
1.493,-0.25
1.4935,-0.25
1.494,-0.14
1.4945,-0.12
1.495,-0.14
1.4955,-0.23
1.496,-0.23
1.4965,-0.14
1.497,-0.1
1.4975,-0.08
1.498,-0.19
1.4985,-0.19
1.499,-0.19
1.4995,-0.1
1.5,-0.08
1.5005,-0.16
1.501,-0.21
1.5015,-0.23
1.502,-0.12
1.5025,-0.1
1.503,-0.14
1.5035,-0.23
1.504,-0.25
1.5045,-0.19
1.505,-0.14
1.5055,-0.14
1.506,-0.23
1.5065,-0.3
1.507,-0.25
1.5075,-0.21
1.508,-0.16
1.5085,-0.27
1.509,-0.32
1.5095,-0.3
1.51,-0.23
1.5105,-0.16
1.511,-0.23
1.5115,-0.27
1.512,-0.32
1.5125,-0.23
1.513,-0.16
1.5135,-0.19
1.514,-0.23
1.5145,-0.3
1.515,-0.21
1.5155,-0.14
1.516,-0.12
1.5165,-0.16
1.517,-0.23
1.5175,-0.16
1.518,-0.12
1.5185,-0.03
1.519,-0.08
1.5195,-0.16
1.52,-0.14
1.5205,-0.12
1.521,-0.05
1.5215,-0.08
1.522,-0.14
1.5225,-0.19
1.523,-0.16
1.5235,-0.08
1.524,-0.1
1.5245,-0.12
1.525,-0.21
1.5255,-0.19
1.526,-0.12
1.5265,-0.12
1.527,-0.16
1.5275,-0.27
1.528,-0.25
1.5285,-0.21
1.529,-0.16
1.5295,-0.16
1.53,-0.25
1.5305,-0.25
1.531,-0.23
1.5315,-0.12
1.532,-0.1
1.5325,-0.19
1.533,-0.21
1.5335,-0.21
1.534,-0.1
1.5345,-0.08
1.535,-0.1
1.5355,-0.14
1.536,-0.16
1.5365,-0.05
1.537,-0.03
1.5375,-0.01
1.538,-0.1
1.5385,-0.1
1.539,-0.05
1.5395,-0.01
1.54,0.01
1.5405,-0.05
1.541,-0.1
1.5415,-0.1
1.542,-0.03
1.5425,0.01
1.543,-0.08
1.5435,-0.1
1.544,-0.14
1.5445,-0.05
1.545,-0.03
1.5455,-0.08
1.546,-0.14
1.5465,-0.23
1.547,-0.16
1.5475,-0.16
1.548,-0.14
1.5485,-0.19
1.549,-0.27
1.5495,-0.23
1.55,-0.19
1.5505,-0.12
1.551,-0.19
1.5515,-0.23
1.552,-0.23
1.5525,-0.19
1.553,-0.12
1.5535,-0.14
1.554,-0.19
1.5545,-0.23
1.555,-0.19
1.5555,-0.1
1.556,-0.1
1.5565,-0.12
1.557,-0.16
1.5575,-0.12
1.558,-0.03
1.5585,-0.03
1.559,-0.05
1.5595,-0.14
1.56,-0.12
1.5605,-0.1
1.561,-0.03
1.5615,-0.08
1.562,-0.14
1.5625,-0.16
1.563,-0.16
1.5635,-0.08
1.564,-0.1
1.5645,-0.14
1.565,-0.19
1.5655,-0.16
1.566,-0.12
1.5665,-0.12
1.567,-0.14
1.5675,-0.23
1.568,-0.25
1.5685,-0.19
1.569,-0.16
1.5695,-0.16
1.57,-0.25
1.5705,-0.25
1.571,-0.23
1.5715,-0.16
1.572,-0.14
1.5725,-0.23
1.573,-0.25
1.5735,-0.23
1.574,-0.16
1.5745,-0.12
1.575,-0.19
1.5755,-0.21
1.576,-0.23
1.5765,-0.14
1.577,-0.1
1.5775,-0.08
1.578,-0.14
1.5785,-0.19
1.579,-0.12
1.5795,-0.1
1.58,-0.05
1.5805,-0.14
1.581,-0.19
1.5815,-0.16
1.582,-0.12
1.5825,-0.08
1.583,-0.14
1.5835,-0.19
1.584,-0.21
1.5845,-0.14
1.585,-0.1
1.5855,-0.14
1.586,-0.21
1.5865,-0.27
1.587,-0.23
1.5875,-0.21
1.588,-0.23
1.5885,-0.25
1.589,-0.32
1.5895,-0.27
1.59,-0.23
1.5905,-0.19
1.591,-0.23
1.5915,-0.27
1.592,-0.27
1.5925,-0.23
1.593,-0.16
1.5935,-0.21
1.594,-0.25
1.5945,-0.27
1.595,-0.25
1.5955,-0.16
1.596,-0.19
1.5965,-0.19
1.597,-0.21
1.5975,-0.19
1.598,-0.1
1.5985,-0.12
1.599,-0.12
1.5995,-0.21
1.6,-0.19
1.6005,-0.14
1.601,-0.12
1.6015,-0.12
1.602,-0.21
1.6025,-0.19
1.603,-0.19
1.6035,-0.14
1.604,-0.12
1.6045,-0.21
1.605,-0.21
1.6055,-0.23
1.606,-0.16
1.6065,-0.19
1.607,-0.23
1.6075,-0.27
1.608,-0.3
1.6085,-0.25
1.609,-0.23
1.6095,-0.23
1.61,-0.3
1.6105,-0.32
1.611,-0.25
1.6115,-0.23
1.612,-0.19
1.6125,-0.27
1.613,-0.27
1.6135,-0.25
1.614,-0.21
1.6145,-0.16
1.615,-0.23
1.6155,-0.25
1.616,-0.27
1.6165,-0.19
1.617,-0.12
1.6175,-0.16
1.618,-0.19
1.6185,-0.21
1.619,-0.14
1.6195,-0.12
1.62,-0.12
1.6205,-0.16
1.621,-0.23
1.6215,-0.19
1.622,-0.16
1.6225,-0.12
1.623,-0.19
1.6235,-0.25
1.624,-0.23
1.6245,-0.21
1.625,-0.14
1.6255,-0.21
1.626,-0.25
1.6265,-0.27
1.627,-0.27
1.6275,-0.23
1.628,-0.25
1.6285,-0.27
1.629,-0.34
1.6295,-0.3
1.63,-0.23
1.6305,-0.23
1.631,-0.23
1.6315,-0.32
1.632,-0.27
1.6325,-0.27
1.633,-0.21
1.6335,-0.23
1.634,-0.27
1.6345,-0.27
1.635,-0.25
1.6355,-0.19
1.636,-0.19
1.6365,-0.21
1.637,-0.21
1.6375,-0.19
1.638,-0.12
1.6385,-0.12
1.639,-0.14
1.6395,-0.19
1.64,-0.19
1.6405,-0.12
1.641,-0.12
1.6415,-0.12
1.642,-0.19
1.6425,-0.19
1.643,-0.14
1.6435,-0.14
1.644,-0.1
1.6445,-0.19
1.645,-0.19
1.6455,-0.21
1.646,-0.14
1.6465,-0.16
1.647,-0.23
1.6475,-0.27
1.648,-0.3
1.6485,-0.23
1.649,-0.21
1.6495,-0.23
1.65,-0.27
1.6505,-0.32
1.651,-0.23
1.6515,-0.21
1.652,-0.21
1.6525,-0.23
1.653,-0.27
1.6535,-0.23
1.654,-0.21
1.6545,-0.16
1.655,-0.23
1.6555,-0.23
1.656,-0.21
1.6565,-0.16
1.657,-0.1
1.6575,-0.14
1.658,-0.14
1.6585,-0.16
1.659,-0.12
1.6595,-0.08
1.66,-0.1
1.6605,-0.12
1.661,-0.19
1.6615,-0.12
1.662,-0.12
1.6625,-0.12
1.663,-0.14
1.6635,-0.21
1.664,-0.19
1.6645,-0.19
1.665,-0.14
1.6655,-0.16
1.666,-0.25
1.6665,-0.23
1.667,-0.25
1.6675,-0.21
1.668,-0.25
1.6685,-0.27
1.669,-0.3
1.6695,-0.3
1.67,-0.23
1.6705,-0.23
1.671,-0.25
1.6715,-0.3
1.672,-0.27
1.6725,-0.23
1.673,-0.23
1.6735,-0.21
1.674,-0.27
1.6745,-0.25
1.675,-0.21
1.6755,-0.16
1.676,-0.14
1.6765,-0.19
1.677,-0.16
1.6775,-0.16
1.678,-0.1
1.6785,-0.08
1.679,-0.12
1.6795,-0.14
1.68,-0.16
1.6805,-0.1
1.681,-0.12
1.6815,-0.12
1.682,-0.14
1.6825,-0.21
1.683,-0.14
1.6835,-0.14
1.684,-0.12
1.6845,-0.19
1.685,-0.21
1.6855,-0.19
1.686,-0.21
1.6865,-0.19
1.687,-0.27
1.6875,-0.27
1.688,-0.3
1.6885,-0.25
1.689,-0.23
1.6895,-0.27
1.69,-0.3
1.6905,-0.32
1.691,-0.25
1.6915,-0.23
1.692,-0.25
1.6925,-0.27
1.693,-0.32
1.6935,-0.27
1.694,-0.25
1.6945,-0.23
1.695,-0.25
1.6955,-0.3
1.696,-0.25
1.6965,-0.21
1.697,-0.14
1.6975,-0.19
1.698,-0.19
1.6985,-0.19
1.699,-0.16
1.6995,-0.12
1.7,-0.16
1.7005,-0.19
1.701,-0.23
1.7015,-0.21
1.702,-0.14
1.7025,-0.16
1.703,-0.16
1.7035,-0.23
1.704,-0.21
1.7045,-0.16
1.705,-0.16
1.7055,-0.16
1.706,-0.25
1.7065,-0.23
1.707,-0.25
1.7075,-0.21
1.708,-0.23
1.7085,-0.27
1.709,-0.27
1.7095,-0.27
1.71,-0.21
1.7105,-0.23
1.711,-0.23
1.7115,-0.25
1.712,-0.25
1.7125,-0.19
1.713,-0.19
1.7135,-0.19
1.714,-0.23
1.7145,-0.23
1.715,-0.16
1.7155,-0.16
1.716,-0.12
1.7165,-0.16
1.717,-0.14
1.7175,-0.1
1.718,-0.08
1.7185,-0.05
1.719,-0.1
1.7195,-0.1
1.72,-0.12
1.7205,-0.05
1.721,-0.05
1.7215,-0.08
1.722,-0.1
1.7225,-0.12
1.723,-0.05
1.7235,-0.05
1.724,-0.05
1.7245,-0.08
1.725,-0.12
1.7255,-0.08
1.726,-0.1
1.7265,-0.08
1.727,-0.14
1.7275,-0.19
1.728,-0.16
1.7285,-0.16
1.729,-0.12
1.7295,-0.16
1.73,-0.16
1.7305,-0.19
1.731,-0.14
1.7315,-0.1
1.732,-0.14
1.7325,-0.14
1.733,-0.19
1.7335,-0.12
1.734,-0.1
1.7345,-0.1
1.735,-0.12
1.7355,-0.16
1.736,-0.1
1.7365,-0.08
1.737,-0.03
1.7375,-0.03
1.738,-0.08
1.7385,-0.03
1.739,-0.03
1.7395,0.01
1.74,-0.03
1.7405,-0.05
1.741,-0.05
1.7415,-0.05
1.742,-0.01
1.7425,-0.05
1.743,-0.05
1.7435,-0.1
1.744,-0.08
1.7445,-0.03
1.745,-0.05
1.7455,-0.05
1.746,-0.12
1.7465,-0.12
1.747,-0.1
1.7475,-0.12
1.748,-0.12
1.7485,-0.19
1.749,-0.16
1.7495,-0.16
1.75,-0.12
1.7505,-0.12
1.751,-0.16
1.7515,-0.16
1.752,-0.16
1.7525,-0.12
1.753,-0.12
1.7535,-0.14
1.754,-0.16
1.7545,-0.19
1.755,-0.12
1.7555,-0.12
1.756,-0.1
1.7565,-0.12
1.757,-0.1
1.7575,-0.05
1.758,-0.05
1.7585,-0.03
1.759,-0.08
1.7595,-0.08
1.76,-0.05
1.7605,-0.05
1.761,-0.03
1.7615,-0.08
1.762,-0.08
1.7625,-0.1
1.763,-0.05
1.7635,-0.05
1.764,-0.08
1.7645,-0.1
1.765,-0.12
1.7655,-0.08
1.766,-0.1
1.7665,-0.1
1.767,-0.14
1.7675,-0.19
1.768,-0.16
1.7685,-0.16
1.769,-0.12
1.7695,-0.16
1.77,-0.19
1.7705,-0.16
1.771,-0.16
1.7715,-0.12
1.772,-0.16
1.7725,-0.14
1.773,-0.14
1.7735,-0.12
1.774,-0.08
1.7745,-0.1
1.775,-0.1
1.7755,-0.14
1.776,-0.08
1.7765,-0.05
1.777,-0.05
1.7775,-0.03
1.778,-0.08
1.7785,-0.03
1.779,-0.03
1.7795,-0.01
1.78,-0.03
1.7805,-0.08
1.781,-0.08
1.7815,-0.08
1.782,-0.05
1.7825,-0.05
1.783,-0.1
1.7835,-0.1
1.784,-0.12
1.7845,-0.08
1.785,-0.1
1.7855,-0.1
1.786,-0.16
1.7865,-0.19
1.787,-0.16
1.7875,-0.19
1.788,-0.19
1.7885,-0.25
1.789,-0.23
1.7895,-0.21
1.79,-0.19
1.7905,-0.19
1.791,-0.23
1.7915,-0.21
1.792,-0.23
1.7925,-0.19
1.793,-0.16
1.7935,-0.23
1.794,-0.21
1.7945,-0.23
1.795,-0.16
1.7955,-0.16
1.796,-0.16
1.7965,-0.16
1.797,-0.19
1.7975,-0.12
1.798,-0.12
1.7985,-0.1
1.799,-0.12
1.7995,-0.16
1.8,-0.12
1.8005,-0.12
1.801,-0.1
1.8015,-0.16
1.802,-0.16
1.8025,-0.16
1.803,-0.14
1.8035,-0.14
1.804,-0.19
1.8045,-0.19
1.805,-0.21
1.8055,-0.19
1.806,-0.19
1.8065,-0.23
1.807,-0.27
1.8075,-0.32
1.808,-0.27
1.8085,-0.27
1.809,-0.27
1.8095,-0.3
1.81,-0.34
1.8105,-0.3
1.811,-0.3
1.8115,-0.23
1.812,-0.25
1.8125,-0.3
1.813,-0.27
1.8135,-0.27
1.814,-0.23
1.8145,-0.25
1.815,-0.25
1.8155,-0.27
1.816,-0.25
1.8165,-0.19
1.817,-0.19
1.8175,-0.16
1.818,-0.21
1.8185,-0.16
1.819,-0.14
1.8195,-0.14
1.82,-0.14
1.8205,-0.19
1.821,-0.16
1.8215,-0.16
1.822,-0.14
1.8225,-0.12
1.823,-0.16
1.8235,-0.16
1.824,-0.19
1.8245,-0.14
1.825,-0.14
1.8255,-0.19
1.826,-0.19
1.8265,-0.23
1.827,-0.19
1.8275,-0.23
1.828,-0.23
1.8285,-0.27
1.829,-0.27
1.8295,-0.25
1.83,-0.25
1.8305,-0.23
1.831,-0.27
1.8315,-0.25
1.832,-0.23
1.8325,-0.23
1.833,-0.19
1.8335,-0.23
1.834,-0.23
1.8345,-0.21
1.835,-0.21
1.8355,-0.16
1.836,-0.19
1.8365,-0.16
1.837,-0.19
1.8375,-0.12
1.838,-0.1
1.8385,-0.1
1.839,-0.12
1.8395,-0.16
1.84,-0.12
1.8405,-0.14
1.841,-0.12
1.8415,-0.14
1.842,-0.19
1.8425,-0.14
1.843,-0.16
1.8435,-0.14
1.844,-0.16
1.8445,-0.19
1.845,-0.19
1.8455,-0.21
1.846,-0.16
1.8465,-0.23
1.847,-0.23
1.8475,-0.27
1.848,-0.27
1.8485,-0.23
1.849,-0.25
1.8495,-0.25
1.85,-0.3
1.8505,-0.25
1.851,-0.23
1.8515,-0.23
1.852,-0.23
1.8525,-0.27
1.853,-0.25
1.8535,-0.27
1.854,-0.23
1.8545,-0.23
1.855,-0.27
1.8555,-0.25
1.856,-0.25
1.8565,-0.19
1.857,-0.19
1.8575,-0.19
1.858,-0.19
1.8585,-0.21
1.859,-0.16
1.8595,-0.19
1.86,-0.16
1.8605,-0.21
1.861,-0.21
1.8615,-0.19
1.862,-0.21
1.8625,-0.19
1.863,-0.23
1.8635,-0.21
1.864,-0.21
1.8645,-0.21
1.865,-0.19
1.8655,-0.25
1.866,-0.25
1.8665,-0.27
1.867,-0.27
1.8675,-0.25
1.868,-0.3
1.8685,-0.3
1.869,-0.32
1.8695,-0.27
1.87,-0.3
1.8705,-0.27
1.871,-0.3
1.8715,-0.32
1.872,-0.27
1.8725,-0.3
1.873,-0.25
1.8735,-0.3
1.874,-0.3
1.8745,-0.27
1.875,-0.27
1.8755,-0.23
1.876,-0.25
1.8765,-0.23
1.877,-0.23
1.8775,-0.19
1.878,-0.16
1.8785,-0.19
1.879,-0.19
1.8795,-0.21
1.88,-0.19
1.8805,-0.16
1.881,-0.19
1.8815,-0.19
1.882,-0.23
1.8825,-0.19
1.883,-0.21
1.8835,-0.19
1.884,-0.19
1.8845,-0.23
1.885,-0.21
1.8855,-0.23
1.886,-0.21
1.8865,-0.25
1.887,-0.27
1.8875,-0.3
1.888,-0.32
1.8885,-0.27
1.889,-0.3
1.8895,-0.27
1.89,-0.3
1.8905,-0.27
1.891,-0.25
1.8915,-0.25
1.892,-0.23
1.8925,-0.27
1.893,-0.23
1.8935,-0.21
1.894,-0.21
1.8945,-0.19
1.895,-0.23
1.8955,-0.19
1.896,-0.19
1.8965,-0.14
1.897,-0.12
1.8975,-0.14
1.898,-0.14
1.8985,-0.14
1.899,-0.1
1.8995,-0.12
1.9,-0.14
1.9005,-0.14
1.901,-0.16
1.9015,-0.14
1.902,-0.14
1.9025,-0.14
1.903,-0.16
1.9035,-0.19
1.904,-0.14
1.9045,-0.14
1.905,-0.12
1.9055,-0.19
1.906,-0.19
1.9065,-0.19
1.907,-0.21
1.9075,-0.19
1.908,-0.25
1.9085,-0.23
1.909,-0.27
1.9095,-0.23
1.91,-0.21
1.9105,-0.23
1.911,-0.21
1.9115,-0.23
1.912,-0.19
1.9125,-0.19
1.913,-0.16
1.9135,-0.16
1.914,-0.19
1.9145,-0.14
1.915,-0.14
1.9155,-0.12
1.916,-0.12
1.9165,-0.12
1.917,-0.08
1.9175,-0.08
1.918,-0.03
1.9185,-0.05
1.919,-0.05
1.9195,-0.05
1.92,-0.05
1.9205,-0.03
1.921,-0.05
1.9215,-0.05
1.922,-0.1
1.9225,-0.08
1.923,-0.05
1.9235,-0.05
1.924,-0.05
1.9245,-0.1
1.925,-0.1
1.9255,-0.1
1.926,-0.1
1.9265,-0.1
1.927,-0.16
1.9275,-0.14
1.928,-0.19
1.9285,-0.12
1.929,-0.14
1.9295,-0.16
1.93,-0.16
1.9305,-0.16
1.931,-0.14
1.9315,-0.14
1.932,-0.14
1.9325,-0.16
1.933,-0.16
1.9335,-0.12
1.934,-0.14
1.9345,-0.12
1.935,-0.16
1.9355,-0.14
1.936,-0.1
1.9365,-0.1
1.937,-0.05
1.9375,-0.1
1.938,-0.05
1.9385,-0.08
1.939,-0.03
1.9395,-0.03
1.94,-0.05
1.9405,-0.05
1.941,-0.08
1.9415,-0.05
1.942,-0.05
1.9425,-0.08
1.943,-0.08
1.9435,-0.12
1.944,-0.1
1.9445,-0.12
1.945,-0.1
1.9455,-0.14
1.946,-0.19
1.9465,-0.16
1.947,-0.21
1.9475,-0.19
1.948,-0.23
1.9485,-0.23
1.949,-0.23
1.9495,-0.23
1.95,-0.21
1.9505,-0.23
1.951,-0.23
1.9515,-0.25
1.952,-0.21
1.9525,-0.19
1.953,-0.21
1.9535,-0.19
1.954,-0.23
1.9545,-0.19
1.955,-0.16
1.9555,-0.16
1.956,-0.14
1.9565,-0.16
1.957,-0.12
1.9575,-0.12
1.958,-0.08
1.9585,-0.08
1.959,-0.12
1.9595,-0.08
1.96,-0.1
1.9605,-0.05
1.961,-0.1
1.9615,-0.12
1.962,-0.1
1.9625,-0.12
1.963,-0.08
1.9635,-0.12
1.964,-0.1
1.9645,-0.14
1.965,-0.14
1.9655,-0.1
1.966,-0.14
1.9665,-0.14
1.967,-0.21
1.9675,-0.19
1.968,-0.21
1.9685,-0.19
1.969,-0.19
1.9695,-0.21
1.97,-0.21
1.9705,-0.21
1.971,-0.19
1.9715,-0.19
1.972,-0.21
1.9725,-0.21
1.973,-0.19
1.9735,-0.19
1.974,-0.19
1.9745,-0.19
1.975,-0.19
1.9755,-0.19
1.976,-0.14
1.9765,-0.14
1.977,-0.1
1.9775,-0.14
1.978,-0.12
1.9785,-0.08
1.979,-0.1
1.9795,-0.08
1.98,-0.12
1.9805,-0.1
1.981,-0.14
1.9815,-0.1
1.982,-0.1
1.9825,-0.12
1.983,-0.12
1.9835,-0.14
1.984,-0.12
1.9845,-0.12
1.985,-0.14
1.9855,-0.14
1.986,-0.21
1.9865,-0.19
1.987,-0.23
1.9875,-0.21
1.988,-0.23
1.9885,-0.27
1.989,-0.25
1.9895,-0.25
1.99,-0.23
1.9905,-0.27
1.991,-0.27
1.9915,-0.25
1.992,-0.27
1.9925,-0.23
1.993,-0.25
1.9935,-0.25
1.994,-0.27
1.9945,-0.25
1.995,-0.23
1.9955,-0.25
1.996,-0.23
1.9965,-0.25
1.997,-0.21
1.9975,-0.21
1.998,-0.19
1.9985,-0.16
1.999,-0.21
1.9995,-0.19
2,-0.21
