0,1
0.002,0.36
0.004,-0.8
0.006,-0.82
0.008,-0.78
0.01,0.56
0.012,0.89
0.014,-0.23
0.016,-1.53
0.018,-0.58
0.02,-0.21
0.022,1.18
0.024,0.47
0.026,-0.78
0.028,-0.91
0.03,-0.82
0.032,0.54
0.034,0.96
0.036,-0.25
0.038,-1.59
0.04,-0.65
0.042,-0.43
0.044,1.15
0.046,0.49
0.048,-0.91
0.05,-1.13
0.052,-0.76
0.054,0.58
0.056,0.91
0.058,-0.19
0.06,-1.73
0.062,-0.65
0.064,-0.27
0.066,1.4
0.068,0.58
0.07,-0.93
0.072,-1.13
0.074,-0.56
0.076,0.74
0.078,0.93
0.08,-0.12
0.082,-1.59
0.084,-0.67
0.086,-0.23
0.088,1.37
0.09,0.45
0.092,-0.96
0.094,-1.11
0.096,-0.56
0.098,0.58
0.1,0.85
0.102,-0.21
0.104,-1.51
0.106,-0.56
0.108,-0.25
0.11,1.31
0.112,0.54
0.114,-0.93
0.116,-1.02
0.118,-0.45
0.12,0.58
0.122,0.89
0.124,0.01
0.126,-1.35
0.128,-0.67
0.13,-0.27
0.132,1.24
0.134,0.63
0.136,-0.93
0.138,-1.11
0.14,-0.52
0.142,0.41
0.144,0.89
0.146,0.01
0.148,-1.37
0.15,-0.89
0.152,-0.32
0.154,1.15
0.156,0.54
0.158,-0.98
0.16,-1.18
0.162,-0.54
0.164,0.47
0.166,1.02
0.168,-0.03
0.17,-1.33
0.172,-0.85
0.174,-0.19
0.176,1.15
0.178,0.65
0.18,-1.02
0.182,-1.18
0.184,-0.47
0.186,0.41
0.188,1.04
0.19,-0.12
0.192,-1.24
0.194,-0.85
0.196,-0.19
0.198,1.04
0.2,0.58
0.202,-1.07
0.204,-1.24
0.206,-0.47
0.208,0.27
0.21,1.07
0.212,-0.1
0.214,-1.18
0.216,-0.87
0.218,-0.12
0.22,0.98
0.222,0.67
0.224,-0.89
0.226,-1.18
0.228,-0.56
0.23,0.21
0.232,1.24
0.234,-0.01
0.236,-1
0.238,-0.87
0.24,-0.25
0.242,0.85
0.244,0.74
0.246,-0.71
0.248,-1.26
0.25,-0.6
0.252,0.08
0.254,1.29
0.256,-0.03
0.258,-1
0.26,-0.87
0.262,-0.38
0.264,0.8
0.266,0.78
0.268,-0.65
0.27,-1.35
0.272,-0.56
0.274,0.08
0.276,1.4
0.278,0.08
0.28,-0.98
0.282,-0.89
0.284,-0.36
0.286,0.8
0.288,0.76
0.29,-0.52
0.292,-1.44
0.294,-0.49
0.296,0.03
0.298,1.35
0.3,-0.01
0.302,-1.02
0.304,-0.8
0.306,-0.47
0.308,0.69
0.31,0.65
0.312,-0.43
0.314,-1.48
0.316,-0.47
0.318,0.01
0.32,1.26
0.322,0.05
0.324,-0.91
0.326,-0.74
0.328,-0.58
0.33,0.67
0.332,0.74
0.334,-0.27
0.336,-1.46
0.338,-0.45
0.34,-0.16
0.342,1.13
0.344,0.21
0.346,-0.85
0.348,-0.82
0.35,-0.71
0.352,0.6
0.354,0.67
0.356,-0.27
0.358,-1.59
0.36,-0.63
0.362,-0.21
0.364,1.07
0.366,0.27
0.368,-1.09
0.37,-1.04
0.372,-0.74
0.374,0.6
0.376,0.78
0.378,-0.3
0.38,-1.57
0.382,-0.67
0.384,-0.1
0.386,1.13
0.388,0.41
0.39,-0.93
0.392,-0.98
0.394,-0.54
0.396,0.74
0.398,0.89
0.4,-0.25
0.402,-1.35
0.404,-0.56
0.406,-0.01
0.408,1.09
0.41,0.52
0.412,-0.89
0.414,-1.04
0.416,-0.38
0.418,0.63
0.42,0.96
0.422,-0.23
0.424,-1.13
0.426,-0.71
0.428,-0.08
0.43,1.09
0.432,0.56
0.434,-0.89
0.436,-1.13
0.438,-0.32
0.44,0.43
0.442,1.02
0.444,-0.16
0.446,-1.02
0.448,-0.8
0.45,-0.14
0.452,1.04
0.454,0.6
0.456,-0.82
0.458,-1.2
0.46,-0.38
0.462,0.19
0.464,1.09
0.466,-0.19
0.468,-1.07
0.47,-0.96
0.472,-0.3
0.474,0.96
0.476,0.58
0.478,-0.87
0.48,-1.4
0.482,-0.45
0.484,0.12
0.486,1.15
0.488,-0.14
0.49,-1.07
0.492,-0.91
0.494,-0.34
0.496,0.93
0.498,0.56
0.5,-0.85
0.502,-1.24
0.504,-0.38
0.506,0.1
0.508,1.13
0.51,-0.12
0.512,-1.02
0.514,-0.85
0.516,-0.38
0.518,0.78
0.52,0.41
0.522,-0.82
0.524,-1.22
0.526,-0.45
0.528,-0.01
0.53,1.04
0.532,-0.14
0.534,-1.07
0.536,-0.78
0.538,-0.52
0.54,0.56
0.542,0.49
0.544,-0.67
0.546,-1.15
0.548,-0.52
0.55,0.05
0.552,1.07
0.554,-0.03
0.556,-0.96
0.558,-0.71
0.56,-0.38
0.562,0.58
0.564,0.67
0.566,-0.54
0.568,-1.2
0.57,-0.45
0.572,0.12
0.574,1.11
0.576,0.08
0.578,-0.87
0.58,-0.78
0.582,-0.32
0.584,0.6
0.586,0.8
0.588,-0.43
0.59,-1.26
0.592,-0.56
0.594,0.01
0.596,1.09
0.598,0.1
0.6,-0.82
0.602,-0.89
0.604,-0.34
0.606,0.45
0.608,0.85
0.61,-0.32
0.612,-1.29
0.614,-0.54
0.616,-0.03
0.618,1.11
0.62,0.08
0.622,-0.76
0.624,-0.96
0.626,-0.34
0.628,0.52
0.63,0.87
0.632,-0.27
0.634,-1.24
0.636,-0.49
0.638,-0.14
0.64,1.04
0.642,0.16
0.644,-0.74
0.646,-1.13
0.648,-0.45
0.65,0.32
0.652,0.71
0.654,-0.3
0.656,-1.26
0.658,-0.65
0.66,-0.41
0.662,0.96
0.664,0.21
0.666,-0.89
0.668,-1.24
0.67,-0.56
0.672,0.32
0.674,0.76
0.676,-0.14
0.678,-1.22
0.68,-0.76
0.682,-0.32
0.684,0.98
0.686,0.47
0.688,-0.89
0.69,-1.22
0.692,-0.52
0.694,0.38
0.696,0.96
0.698,-0.05
0.7,-1.11
0.702,-0.8
0.704,-0.23
0.706,0.89
0.708,0.6
0.71,-0.96
0.712,-1.15
0.714,-0.47
0.716,0.36
0.718,0.96
0.72,-0.14
0.722,-0.98
0.724,-0.82
0.726,-0.14
0.728,0.74
0.73,0.67
0.732,-0.91
0.734,-0.98
0.736,-0.34
0.738,0.23
0.74,0.98
0.742,-0.1
0.744,-0.74
0.746,-0.78
0.748,-0.05
0.75,0.6
0.752,0.67
0.754,-0.67
0.756,-0.89
0.758,-0.3
0.76,0.1
0.762,1.09
0.764,-0.01
0.766,-0.65
0.768,-0.8
0.77,-0.08
0.772,0.54
0.774,0.82
0.776,-0.47
0.778,-1.13
0.78,-0.41
0.782,0.01
0.784,1.24
0.786,0.03
0.788,-0.76
0.79,-0.96
0.792,-0.32
0.794,0.54
0.796,0.82
0.798,-0.43
0.8,-1.33
0.802,-0.45
0.804,-0.05
0.806,1.22
0.808,0.08
0.81,-0.87
0.812,-0.96
0.814,-0.36
0.816,0.56
0.818,0.76
0.82,-0.34
0.822,-1.29
0.824,-0.41
0.826,-0.08
0.828,1.11
0.83,0.05
0.832,-0.91
0.834,-0.89
0.836,-0.47
0.838,0.43
0.84,0.65
0.842,-0.3
0.844,-1.26
0.846,-0.6
0.848,-0.19
0.85,0.8
0.852,0.01
0.854,-0.96
0.856,-1
0.858,-0.56
0.86,0.34
0.862,0.65
0.864,-0.27
0.866,-1.15
0.868,-0.65
0.87,-0.16
0.872,0.74
0.874,0.25
0.876,-0.82
0.878,-1.09
0.88,-0.49
0.882,0.32
0.884,0.82
0.886,-0.19
0.888,-0.96
0.89,-0.8
0.892,-0.19
0.894,0.78
0.896,0.47
0.898,-0.8
0.9,-1.18
0.902,-0.38
0.904,0.25
0.906,0.91
0.908,-0.14
0.91,-0.89
0.912,-0.89
0.914,-0.16
0.916,0.8
0.918,0.54
0.92,-0.78
0.922,-1.11
0.924,-0.3
0.926,0.25
0.928,1
0.93,-0.14
0.932,-0.8
0.934,-0.8
0.936,-0.16
0.938,0.69
0.94,0.6
0.942,-0.67
0.944,-1.07
0.946,-0.32
0.948,0.12
0.95,0.91
0.952,-0.05
0.954,-0.74
0.956,-0.85
0.958,-0.32
0.96,0.54
0.962,0.67
0.964,-0.58
0.966,-1.02
0.968,-0.45
0.97,0.01
0.972,0.91
0.974,0.1
0.976,-0.76
0.978,-0.93
0.98,-0.32
0.982,0.47
0.984,0.78
0.986,-0.45
0.988,-1.04
0.99,-0.54
0.992,-0.01
0.994,0.98
0.996,0.14
0.998,-0.82
1,-0.93
1.002,-0.34
1.004,0.32
1.006,0.8
1.008,-0.38
1.01,-1.09
1.012,-0.63
1.014,-0.05
1.016,0.93
1.018,0.03
1.02,-0.82
1.022,-0.98
1.024,-0.32
1.026,0.27
1.028,0.76
1.03,-0.38
1.032,-1.18
1.034,-0.58
1.036,-0.16
1.038,0.82
1.04,0.03
1.042,-0.82
1.044,-1.02
1.046,-0.34
1.048,0.23
1.05,0.67
1.052,-0.27
1.054,-1.09
1.056,-0.56
1.058,-0.21
1.06,0.78
1.062,0.12
1.064,-0.69
1.066,-0.96
1.068,-0.34
1.07,0.23
1.072,0.71
1.074,-0.05
1.076,-0.93
1.078,-0.6
1.08,-0.21
1.082,0.76
1.084,0.36
1.086,-0.63
1.088,-0.96
1.09,-0.43
1.092,0.27
1.094,0.82
1.096,-0.03
1.098,-0.85
1.1,-0.71
1.102,-0.21
1.104,0.69
1.106,0.56
1.108,-0.63
1.11,-0.98
1.112,-0.41
1.114,0.3
1.116,0.87
1.118,-0.03
1.12,-0.71
1.122,-0.82
1.124,-0.14
1.126,0.65
1.128,0.65
1.13,-0.74
1.132,-1.02
1.134,-0.41
1.136,0.16
1.138,0.8
1.14,-0.12
1.142,-0.69
1.144,-0.96
1.146,-0.14
1.148,0.47
1.15,0.54
1.152,-0.69
1.154,-0.98
1.156,-0.38
1.158,0.03
1.16,0.76
1.162,-0.1
1.164,-0.67
1.166,-0.89
1.168,-0.16
1.17,0.34
1.172,0.6
1.174,-0.45
1.176,-0.93
1.178,-0.38
1.18,-0.03
1.182,0.78
1.184,0.01
1.186,-0.67
1.188,-0.93
1.19,-0.36
1.192,0.25
1.194,0.63
1.196,-0.34
1.198,-1.02
1.2,-0.54
1.202,-0.1
1.204,0.78
1.206,0.16
1.208,-0.71
1.21,-0.91
1.212,-0.36
1.214,0.25
1.216,0.69
1.218,-0.19
1.22,-1.02
1.222,-0.65
1.224,-0.05
1.226,0.85
1.228,0.25
1.23,-0.8
1.232,-0.93
1.234,-0.36
1.236,0.23
1.238,0.74
1.24,-0.23
1.242,-1.07
1.244,-0.71
1.246,-0.01
1.248,0.71
1.25,0.21
1.252,-0.8
1.254,-0.96
1.256,-0.34
1.258,0.16
1.26,0.76
1.262,-0.23
1.264,-0.89
1.266,-0.65
1.268,-0.1
1.27,0.6
1.272,0.34
1.274,-0.58
1.276,-0.87
1.278,-0.23
1.28,0.19
1.282,0.8
1.284,-0.1
1.286,-0.67
1.288,-0.71
1.29,-0.21
1.292,0.6
1.294,0.47
1.296,-0.49
1.298,-0.96
1.3,-0.36
1.302,0.08
1.304,0.76
1.306,-0.05
1.308,-0.76
1.31,-0.87
1.312,-0.32
1.314,0.49
1.316,0.47
1.318,-0.58
1.32,-1.02
1.322,-0.47
1.324,0.08
1.326,0.71
1.328,-0.05
1.33,-0.8
1.332,-0.93
1.334,-0.36
1.336,0.38
1.338,0.56
1.34,-0.56
1.342,-0.96
1.344,-0.45
1.346,0.12
1.348,0.65
1.35,0.01
1.352,-0.71
1.354,-0.87
1.356,-0.25
1.358,0.32
1.36,0.65
1.362,-0.52
1.364,-0.87
1.366,-0.54
1.368,0.03
1.37,0.6
1.372,0.08
1.374,-0.71
1.376,-0.98
1.378,-0.3
1.38,0.14
1.382,0.65
1.384,-0.32
1.386,-0.85
1.388,-0.65
1.39,-0.1
1.392,0.6
1.394,0.16
1.396,-0.67
1.398,-0.98
1.4,-0.36
1.402,0.08
1.404,0.8
1.406,-0.1
1.408,-0.87
1.41,-0.69
1.412,-0.12
1.414,0.71
1.416,0.3
1.418,-0.58
1.42,-0.93
1.422,-0.34
1.424,0.23
1.426,0.89
1.428,-0.03
1.43,-0.89
1.432,-0.71
1.434,-0.08
1.436,0.71
1.438,0.34
1.44,-0.65
1.442,-0.98
1.444,-0.32
1.446,0.21
1.448,0.71
1.45,-0.14
1.452,-0.85
1.454,-0.74
1.456,-0.14
1.458,0.54
1.46,0.32
1.462,-0.58
1.464,-0.8
1.466,-0.23
1.468,0.12
1.47,0.67
1.472,-0.05
1.474,-0.6
1.476,-0.69
1.478,-0.16
1.48,0.36
1.482,0.45
1.484,-0.41
1.486,-0.78
1.488,-0.36
1.49,-0.01
1.492,0.65
1.494,-0.01
1.496,-0.6
1.498,-0.87
1.5,-0.41
1.502,0.27
1.504,0.58
1.506,-0.45
1.508,-0.96
1.51,-0.52
1.512,-0.05
1.514,0.58
1.516,-0.01
1.518,-0.69
1.52,-0.98
1.522,-0.43
1.524,0.3
1.526,0.6
1.528,-0.45
1.53,-0.96
1.532,-0.54
1.534,0.03
1.536,0.65
1.538,0.16
1.54,-0.69
1.542,-0.91
1.544,-0.27
1.546,0.32
1.548,0.65
1.55,-0.32
1.552,-0.82
1.554,-0.6
1.556,0.08
1.558,0.58
1.56,0.21
1.562,-0.71
1.564,-0.85
1.566,-0.23
1.568,0.19
1.57,0.65
1.572,-0.25
1.574,-0.78
1.576,-0.65
1.578,0.03
1.58,0.47
1.582,0.23
1.584,-0.56
1.586,-0.74
1.588,-0.16
1.59,0.12
1.592,0.74
1.594,-0.12
1.596,-0.63
1.598,-0.67
1.6,-0.05
1.602,0.52
1.604,0.34
1.606,-0.49
1.608,-0.87
1.61,-0.27
1.612,0.03
1.614,0.74
1.616,-0.05
1.618,-0.74
1.62,-0.87
1.622,-0.25
1.624,0.45
1.626,0.27
1.628,-0.54
1.63,-0.98
1.632,-0.41
1.634,-0.05
1.636,0.65
1.638,-0.05
1.64,-0.85
1.642,-0.87
1.644,-0.27
1.646,0.41
1.648,0.34
1.65,-0.47
1.652,-0.96
1.654,-0.41
1.656,0.05
1.658,0.63
1.66,0.03
1.662,-0.69
1.664,-0.74
1.666,-0.3
1.668,0.3
1.67,0.47
1.672,-0.41
1.674,-0.82
1.676,-0.41
1.678,0.08
1.68,0.49
1.682,0.08
1.684,-0.63
1.686,-0.8
1.688,-0.38
1.69,0.19
1.692,0.56
1.694,-0.41
1.696,-0.78
1.698,-0.58
1.7,-0.03
1.702,0.45
1.704,0.21
1.706,-0.56
1.708,-0.87
1.71,-0.34
1.712,0.12
1.714,0.65
1.716,-0.23
1.718,-0.71
1.72,-0.65
1.722,0.03
1.724,0.56
1.726,0.32
1.728,-0.52
1.73,-0.82
1.732,-0.27
1.734,0.19
1.736,0.76
1.738,-0.12
1.74,-0.71
1.742,-0.69
1.744,0.03
1.746,0.56
1.748,0.34
1.75,-0.54
1.752,-0.85
1.754,-0.25
1.756,0.21
1.758,0.69
1.76,-0.12
1.762,-0.71
1.764,-0.74
1.766,-0.01
1.768,0.52
1.77,0.34
1.772,-0.58
1.774,-0.85
1.776,-0.25
1.778,0.12
1.78,0.6
1.782,-0.08
1.784,-0.67
1.786,-0.8
1.788,-0.14
1.79,0.38
1.792,0.3
1.794,-0.47
1.796,-0.78
1.798,-0.32
1.8,-0.05
1.802,0.52
1.804,-0.05
1.806,-0.67
1.808,-0.85
1.81,-0.32
1.812,0.16
1.814,0.27
1.816,-0.41
1.818,-0.89
1.82,-0.49
1.822,-0.16
1.824,0.47
1.826,0.03
1.828,-0.67
1.83,-0.87
1.832,-0.43
1.834,0.16
1.836,0.43
1.838,-0.36
1.84,-0.91
1.842,-0.47
1.844,-0.01
1.846,0.52
1.848,0.19
1.85,-0.63
1.852,-0.8
1.854,-0.38
1.856,0.23
1.858,0.54
1.86,-0.32
1.862,-0.78
1.864,-0.52
1.866,0.05
1.868,0.49
1.87,0.23
1.872,-0.69
1.874,-0.78
1.876,-0.32
1.878,0.21
1.88,0.56
1.882,-0.32
1.884,-0.69
1.886,-0.6
1.888,0.1
1.89,0.34
1.892,0.19
1.894,-0.58
1.896,-0.71
1.898,-0.27
1.9,0.1
1.902,0.6
1.904,-0.16
1.906,-0.56
1.908,-0.67
1.91,-0.03
1.912,0.25
1.914,0.32
1.916,-0.41
1.918,-0.76
1.92,-0.32
1.922,0.03
1.924,0.69
1.926,-0.01
1.928,-0.58
1.93,-0.85
1.932,-0.14
1.934,0.45
1.936,0.45
1.938,-0.38
1.94,-0.82
1.942,-0.32
1.944,0.08
1.946,0.67
1.948,0.05
1.95,-0.65
1.952,-0.85
1.954,-0.14
1.956,0.43
1.958,0.34
1.96,-0.41
1.962,-0.8
1.964,-0.36
1.966,0.01
1.968,0.54
1.97,0.03
1.972,-0.71
1.974,-0.82
1.976,-0.27
1.978,0.23
1.98,0.34
1.982,-0.38
1.984,-0.78
1.986,-0.43
1.988,-0.01
1.99,0.43
1.992,0.05
1.994,-0.63
1.996,-0.76
1.998,-0.3
2,0.21
2.002,0.45
2.004,-0.36
2.006,-0.78
2.008,-0.52
2.01,-0.08
2.012,0.34
2.014,0.14
2.016,-0.6
2.018,-0.8
2.02,-0.34
2.022,0.12
2.024,0.47
2.026,-0.3
2.028,-0.78
2.03,-0.63
2.032,-0.05
2.034,0.38
2.036,0.23
2.038,-0.58
2.04,-0.8
2.042,-0.36
2.044,0.14
2.046,0.63
2.048,-0.14
2.05,-0.74
2.052,-0.71
2.054,0.01
2.056,0.38
2.058,0.32
2.06,-0.52
2.062,-0.76
2.064,-0.34
2.066,0.21
2.068,0.65
2.07,-0.14
2.072,-0.69
2.074,-0.71
2.076,-0.01
2.078,0.3
2.08,0.3
2.082,-0.52
2.084,-0.76
2.086,-0.3
2.088,0.1
2.09,0.52
2.092,-0.05
2.094,-0.54
2.096,-0.78
2.098,-0.12
2.1,0.19
2.102,0.27
2.104,-0.41
2.106,-0.69
2.108,-0.36
2.11,-0.08
2.112,0.47
2.114,0.05
2.116,-0.52
2.118,-0.89
2.12,-0.27
2.122,0.21
2.124,0.32
2.126,-0.27
2.128,-0.76
2.13,-0.45
2.132,-0.05
2.134,0.52
2.136,0.14
2.138,-0.56
2.14,-0.82
2.142,-0.25
2.144,0.27
2.146,0.41
2.148,-0.27
2.15,-0.78
2.152,-0.45
2.154,-0.01
2.156,0.43
2.158,0.16
2.16,-0.58
2.162,-0.78
2.164,-0.32
2.166,0.23
2.168,0.47
2.17,-0.27
2.172,-0.76
2.174,-0.52
2.176,0.03
2.178,0.38
2.18,0.27
2.182,-0.52
2.184,-0.67
2.186,-0.23
2.188,0.25
2.19,0.56
2.192,-0.19
2.194,-0.67
2.196,-0.63
2.198,0.01
2.2,0.34
2.202,0.32
2.204,-0.43
2.206,-0.65
2.208,-0.34
2.21,0.03
2.212,0.52
2.214,-0.12
2.216,-0.6
2.218,-0.71
2.22,-0.12
2.222,0.19
2.224,0.27
2.226,-0.34
2.228,-0.65
2.23,-0.41
2.232,0.01
2.234,0.56
2.236,0.01
2.238,-0.54
2.24,-0.74
2.242,-0.12
2.244,0.3
2.246,0.45
2.248,-0.3
2.25,-0.67
2.252,-0.38
2.254,0.08
2.256,0.56
2.258,0.08
2.26,-0.56
2.262,-0.8
2.264,-0.19
2.266,0.25
2.268,0.34
2.27,-0.43
2.272,-0.71
2.274,-0.43
2.276,-0.03
2.278,0.38
2.28,-0.01
2.282,-0.67
2.284,-0.87
2.286,-0.21
2.288,0.14
2.29,0.23
2.292,-0.43
2.294,-0.69
2.296,-0.47
2.298,-0.08
2.3,0.32
2.302,0.05
2.304,-0.56
2.306,-0.76
2.308,-0.27
2.31,0.05
2.312,0.27
2.314,-0.3
2.316,-0.74
2.318,-0.54
2.32,-0.14
2.322,0.25
2.324,0.14
2.326,-0.47
2.328,-0.82
2.33,-0.43
2.332,0.03
2.334,0.38
2.336,-0.16
2.338,-0.71
2.34,-0.63
2.342,-0.14
2.344,0.27
2.346,0.3
2.348,-0.45
2.35,-0.76
2.352,-0.38
2.354,0.16
2.356,0.52
2.358,-0.05
2.36,-0.71
2.362,-0.71
2.364,-0.01
2.366,0.34
2.368,0.34
2.37,-0.47
2.372,-0.71
2.374,-0.38
2.376,0.16
2.378,0.54
2.38,-0.1
2.382,-0.71
2.384,-0.74
2.386,0.01
2.388,0.21
2.39,0.27
2.392,-0.47
2.394,-0.71
2.396,-0.43
2.398,0.08
2.4,0.45
2.402,-0.08
2.404,-0.6
2.406,-0.74
2.408,-0.16
2.41,0.12
2.412,0.3
2.414,-0.34
2.416,-0.63
2.418,-0.43
2.42,-0.03
2.422,0.43
2.424,0.14
2.426,-0.43
2.428,-0.76
2.43,-0.27
2.432,0.12
2.434,0.34
2.436,-0.21
2.438,-0.54
2.44,-0.43
2.442,-0.08
2.444,0.41
2.446,0.25
2.448,-0.45
2.45,-0.8
2.452,-0.3
2.454,0.16
2.456,0.43
2.458,-0.19
2.46,-0.65
2.462,-0.58
2.464,-0.03
2.466,0.38
2.468,0.19
2.47,-0.52
2.472,-0.82
2.474,-0.34
2.476,0.16
2.478,0.43
2.48,-0.23
2.482,-0.69
2.484,-0.56
2.486,-0.01
2.488,0.25
2.49,0.16
2.492,-0.45
2.494,-0.71
2.496,-0.27
2.498,0.16
2.5,0.41
2.502,-0.14
2.504,-0.6
2.506,-0.56
2.508,-0.1
2.51,0.21
2.512,0.23
2.514,-0.36
2.516,-0.63
2.518,-0.38
2.52,0.01
2.522,0.36
2.524,0.03
2.526,-0.54
2.528,-0.65
2.53,-0.16
2.532,0.14
2.534,0.3
2.536,-0.27
2.538,-0.58
2.54,-0.52
2.542,-0.01
2.544,0.43
2.546,0.14
2.548,-0.54
2.55,-0.76
2.552,-0.25
2.554,0.03
2.556,0.36
2.558,-0.27
2.56,-0.6
2.562,-0.58
2.564,-0.03
2.566,0.41
2.568,0.12
2.57,-0.52
2.572,-0.82
2.574,-0.25
2.576,0.12
2.578,0.38
2.58,-0.34
2.582,-0.65
2.584,-0.54
2.586,-0.01
2.588,0.38
2.59,0.16
2.592,-0.49
2.594,-0.82
2.596,-0.23
2.598,0.12
2.6,0.34
2.602,-0.32
2.604,-0.6
2.606,-0.52
2.608,-0.1
2.61,0.34
2.612,0.14
2.614,-0.47
2.616,-0.71
2.618,-0.25
2.62,0.12
2.622,0.36
2.624,-0.16
2.626,-0.58
2.628,-0.54
2.63,-0.14
2.632,0.23
2.634,0.21
2.636,-0.34
2.638,-0.63
2.64,-0.34
2.642,0.08
2.644,0.41
2.646,-0.01
2.648,-0.58
2.65,-0.56
2.652,-0.14
2.654,0.16
2.656,0.27
2.658,-0.36
2.66,-0.74
2.662,-0.41
2.664,0.14
2.666,0.45
2.668,0.03
2.67,-0.6
2.672,-0.74
2.674,-0.16
2.676,0.19
2.678,0.34
2.68,-0.34
2.682,-0.69
2.684,-0.45
2.686,0.08
2.688,0.41
2.69,0.05
2.692,-0.67
2.694,-0.78
2.696,-0.14
2.698,0.12
2.7,0.25
2.702,-0.34
2.704,-0.63
2.706,-0.49
2.708,0.05
2.71,0.38
2.712,0.14
2.714,-0.52
2.716,-0.67
2.718,-0.16
2.72,0.08
2.722,0.34
2.724,-0.21
2.726,-0.52
2.728,-0.52
2.73,-0.01
2.732,0.27
2.734,0.21
2.736,-0.41
2.738,-0.69
2.74,-0.25
2.742,0.08
2.744,0.38
2.746,-0.19
2.748,-0.54
2.75,-0.63
2.752,-0.16
2.754,0.23
2.756,0.25
2.758,-0.36
2.76,-0.78
2.762,-0.36
2.764,0.08
2.766,0.38
2.768,-0.14
2.77,-0.54
2.772,-0.67
2.774,-0.21
2.776,0.23
2.778,0.19
2.78,-0.38
2.782,-0.74
2.784,-0.32
2.786,0.12
2.788,0.38
2.79,-0.12
2.792,-0.63
2.794,-0.63
2.796,-0.16
2.798,0.21
2.8,0.16
2.802,-0.34
2.804,-0.71
2.806,-0.41
2.808,0.12
2.81,0.32
2.812,-0.08
2.814,-0.63
2.816,-0.6
2.818,-0.21
2.82,0.08
2.822,0.16
2.824,-0.27
2.826,-0.58
2.828,-0.45
2.83,0.08
2.832,0.32
2.834,0.14
2.836,-0.49
2.838,-0.65
2.84,-0.25
2.842,0.05
2.844,0.32
2.846,-0.21
2.848,-0.49
2.85,-0.54
2.852,-0.03
2.854,0.32
2.856,0.21
2.858,-0.49
2.86,-0.74
2.862,-0.27
2.864,-0.01
2.866,0.3
2.868,-0.25
2.87,-0.6
2.872,-0.69
2.874,-0.08
2.876,0.25
2.878,0.14
2.88,-0.56
2.882,-0.82
2.884,-0.32
2.886,-0.01
2.888,0.3
2.89,-0.27
2.892,-0.63
2.894,-0.63
2.896,-0.1
2.898,0.21
2.9,0.16
2.902,-0.43
2.904,-0.71
2.906,-0.25
2.908,0.14
2.91,0.34
2.912,-0.19
2.914,-0.47
2.916,-0.49
2.918,-0.08
2.92,0.25
2.922,0.27
2.924,-0.27
2.926,-0.6
2.928,-0.25
2.93,0.1
2.932,0.32
2.934,-0.05
2.936,-0.45
2.938,-0.58
2.94,-0.19
2.942,0.16
2.944,0.25
2.946,-0.25
2.948,-0.6
2.95,-0.41
2.952,0.03
2.954,0.41
2.956,0.08
2.958,-0.49
2.96,-0.63
2.962,-0.21
2.964,0.21
2.966,0.34
2.968,-0.14
2.97,-0.6
2.972,-0.47
2.974,0.14
2.976,0.43
2.978,0.12
2.98,-0.52
2.982,-0.63
2.984,-0.23
2.986,0.16
2.988,0.27
2.99,-0.23
2.992,-0.58
2.994,-0.52
2.996,0.05
2.998,0.25
3,0.1
3.002,-0.56
3.004,-0.67
3.006,-0.25
3.008,0.03
3.01,0.21
3.012,-0.25
3.014,-0.47
3.016,-0.58
3.018,-0.05
3.02,0.23
3.022,0.23
3.024,-0.43
3.026,-0.65
3.028,-0.25
3.03,-0.01
3.032,0.27
3.034,-0.14
3.036,-0.45
3.038,-0.63
3.04,-0.08
3.042,0.19
3.044,0.25
3.046,-0.34
3.048,-0.67
3.05,-0.34
3.052,-0.01
3.054,0.32
3.056,-0.12
3.058,-0.54
3.06,-0.67
3.062,-0.23
3.064,0.1
3.066,0.23
3.068,-0.32
3.07,-0.74
3.072,-0.41
3.074,0.01
3.076,0.27
3.078,-0.1
3.08,-0.56
3.082,-0.67
3.084,-0.27
3.086,0.12
3.088,0.23
3.09,-0.32
3.092,-0.69
3.094,-0.41
3.096,0.05
3.098,0.27
3.1,0.01
3.102,-0.52
3.104,-0.6
3.106,-0.23
3.108,0.12
3.11,0.21
3.112,-0.21
3.114,-0.52
3.116,-0.41
3.118,0.08
3.12,0.32
3.122,0.1
3.124,-0.45
3.126,-0.52
3.128,-0.19
3.13,0.08
3.132,0.25
3.134,-0.14
3.136,-0.52
3.138,-0.54
3.14,0.01
3.142,0.27
3.144,0.19
3.146,-0.36
3.148,-0.6
3.15,-0.32
3.152,0.05
3.154,0.3
3.156,-0.05
3.158,-0.45
3.16,-0.58
3.162,-0.01
3.164,0.3
3.166,0.34
3.168,-0.34
3.17,-0.65
3.172,-0.27
3.174,0.12
3.176,0.36
3.178,-0.03
3.18,-0.45
3.182,-0.71
3.184,-0.1
3.186,0.27
3.188,0.34
3.19,-0.38
3.192,-0.67
3.194,-0.34
3.196,0.05
3.198,0.3
3.2,-0.14
3.202,-0.56
3.204,-0.71
3.206,-0.12
3.208,0.14
3.21,0.19
3.212,-0.38
3.214,-0.67
3.216,-0.34
3.218,0.08
3.22,0.27
3.222,-0.14
3.224,-0.54
3.226,-0.63
3.228,-0.21
3.23,0.03
3.232,0.14
3.234,-0.32
3.236,-0.69
3.238,-0.45
3.24,-0.05
3.242,0.14
3.244,-0.12
3.246,-0.54
3.248,-0.69
3.25,-0.38
3.252,-0.01
3.254,0.14
3.256,-0.25
3.258,-0.63
3.26,-0.54
3.262,-0.08
3.264,0.21
3.266,0.12
3.268,-0.47
3.27,-0.67
3.272,-0.41
3.274,0.01
3.276,0.25
3.278,-0.05
3.28,-0.54
3.282,-0.65
3.284,-0.08
3.286,0.25
3.288,0.21
3.29,-0.47
3.292,-0.69
3.294,-0.41
3.296,0.03
3.298,0.27
3.3,-0.1
3.302,-0.56
3.304,-0.65
3.306,-0.03
3.308,0.23
3.31,0.21
3.312,-0.41
3.314,-0.63
3.316,-0.3
3.318,0.1
3.32,0.27
3.322,-0.08
3.324,-0.38
3.326,-0.54
3.328,-0.01
3.33,0.19
3.332,0.25
3.334,-0.3
3.336,-0.56
3.338,-0.27
3.34,0.05
3.342,0.19
3.344,-0.03
3.346,-0.34
3.348,-0.6
3.35,-0.19
3.352,0.08
3.354,0.25
3.356,-0.23
3.358,-0.54
3.36,-0.36
3.362,0.01
3.364,0.3
3.366,0.1
3.368,-0.34
3.37,-0.58
3.372,-0.19
3.374,0.14
3.376,0.34
3.378,-0.14
3.38,-0.58
3.382,-0.45
3.384,0.08
3.386,0.38
3.388,0.12
3.39,-0.41
3.392,-0.65
3.394,-0.23
3.396,0.16
3.398,0.36
3.4,-0.12
3.402,-0.6
3.404,-0.43
3.406,0.12
3.408,0.32
3.41,0.08
3.412,-0.47
3.414,-0.6
3.416,-0.25
3.418,0.1
3.42,0.16
3.422,-0.19
3.424,-0.54
3.426,-0.49
3.428,-0.08
3.43,0.12
3.432,0.01
3.434,-0.47
3.436,-0.6
3.438,-0.38
3.44,-0.1
3.442,0.03
3.444,-0.1
3.446,-0.47
3.448,-0.65
3.45,-0.23
3.452,0.01
3.454,0.08
3.456,-0.38
3.458,-0.56
3.46,-0.45
3.462,-0.08
3.464,0.16
3.466,-0.03
3.468,-0.49
3.47,-0.74
3.472,-0.23
3.474,0.1
3.476,0.23
3.478,-0.36
3.48,-0.69
3.482,-0.49
3.484,0.01
3.486,0.25
3.488,-0.03
3.49,-0.47
3.492,-0.74
3.494,-0.21
3.496,0.14
3.498,0.27
3.5,-0.3
3.502,-0.6
3.504,-0.34
3.506,0.12
3.508,0.27
3.51,0.03
3.512,-0.38
3.514,-0.63
3.516,-0.14
3.518,0.16
3.52,0.27
3.522,-0.16
3.524,-0.45
3.526,-0.32
3.528,0.05
3.53,0.25
3.532,0.08
3.534,-0.32
3.536,-0.49
3.538,-0.21
3.54,0.03
3.542,0.23
3.544,-0.03
3.546,-0.43
3.548,-0.43
3.55,-0.01
3.552,0.19
3.554,0.12
3.556,-0.25
3.558,-0.49
3.56,-0.34
3.562,0.01
3.564,0.34
3.566,0.08
3.568,-0.43
3.57,-0.54
3.572,-0.12
3.574,0.23
3.576,0.27
3.578,-0.27
3.58,-0.58
3.582,-0.41
3.584,0.05
3.586,0.34
3.588,0.08
3.59,-0.47
3.592,-0.65
3.594,-0.16
3.596,0.25
3.598,0.25
3.6,-0.38
3.602,-0.63
3.604,-0.38
3.606,0.03
3.608,0.23
3.61,-0.01
3.612,-0.52
3.614,-0.67
3.616,-0.16
3.618,0.12
3.62,0.12
3.622,-0.41
3.624,-0.56
3.626,-0.43
3.628,-0.01
3.63,0.08
3.632,-0.1
3.634,-0.47
3.636,-0.65
3.638,-0.25
3.64,-0.03
3.642,0.12
3.644,-0.32
3.646,-0.56
3.648,-0.49
3.65,-0.1
3.652,0.03
3.654,-0.05
3.656,-0.36
3.658,-0.67
3.66,-0.36
3.662,-0.08
3.664,0.14
3.666,-0.21
3.668,-0.52
3.67,-0.52
3.672,-0.12
3.674,0.1
3.676,0.03
3.678,-0.34
3.68,-0.67
3.682,-0.36
3.684,-0.01
3.686,0.23
3.688,-0.1
3.69,-0.54
3.692,-0.56
3.694,-0.1
3.696,0.23
3.698,0.14
3.7,-0.34
3.702,-0.6
3.704,-0.32
3.706,0.1
3.708,0.34
3.71,0.01
3.712,-0.54
3.714,-0.54
3.716,-0.01
3.718,0.23
3.72,0.12
3.722,-0.34
3.724,-0.54
3.726,-0.3
3.728,0.1
3.73,0.23
3.732,-0.03
3.734,-0.45
3.736,-0.47
3.738,-0.08
3.74,0.12
3.742,0.14
3.744,-0.27
3.746,-0.43
3.748,-0.25
3.75,0.08
3.752,0.16
3.754,0.1
3.756,-0.3
3.758,-0.54
3.76,-0.19
3.762,0.12
3.764,0.25
3.766,-0.14
3.768,-0.36
3.77,-0.38
3.772,-0.01
3.774,0.21
3.776,0.14
3.778,-0.32
3.78,-0.63
3.782,-0.25
3.784,0.08
3.786,0.27
3.788,-0.14
3.79,-0.47
3.792,-0.54
3.794,-0.01
3.796,0.21
3.798,0.08
3.8,-0.38
3.802,-0.69
3.804,-0.36
3.806,0.03
3.808,0.23
3.81,-0.23
3.812,-0.58
3.814,-0.54
3.816,-0.05
3.818,0.1
3.82,-0.03
3.822,-0.43
3.824,-0.67
3.826,-0.36
3.828,-0.03
3.83,0.1
3.832,-0.25
3.834,-0.54
3.836,-0.56
3.838,-0.14
3.84,0.05
3.842,-0.03
3.844,-0.38
3.846,-0.6
3.848,-0.41
3.85,-0.14
3.852,0.08
3.854,-0.05
3.856,-0.45
3.858,-0.6
3.86,-0.23
3.862,0.08
3.864,0.08
3.866,-0.25
3.868,-0.56
3.87,-0.54
3.872,-0.14
3.874,0.19
3.876,0.08
3.878,-0.45
3.88,-0.63
3.882,-0.23
3.884,0.14
3.886,0.25
3.888,-0.19
3.89,-0.54
3.892,-0.49
3.894,-0.01
3.896,0.21
3.898,0.12
3.9,-0.38
3.902,-0.54
3.904,-0.19
3.906,0.21
3.908,0.3
3.91,-0.23
3.912,-0.49
3.914,-0.38
3.916,0.08
3.918,0.21
3.92,0.12
3.922,-0.36
3.924,-0.58
3.926,-0.19
3.928,0.1
3.93,0.21
3.932,-0.19
3.934,-0.38
3.936,-0.41
3.938,-0.01
3.94,0.1
3.942,0.08
3.944,-0.3
3.946,-0.52
3.948,-0.27
3.95,-0.03
3.952,0.16
3.954,-0.14
3.956,-0.38
3.958,-0.47
3.96,-0.05
3.962,0.12
3.964,0.08
3.966,-0.23
3.968,-0.56
3.97,-0.41
3.972,-0.03
3.974,0.23
3.976,-0.05
3.978,-0.45
3.98,-0.52
3.982,-0.1
3.984,0.14
3.986,0.14
3.988,-0.25
3.99,-0.63
3.992,-0.45
3.994,-0.01
3.996,0.23
3.998,-0.01
4,-0.47
4.002,-0.6
4.004,-0.16
4.006,0.16
4.008,0.12
4.01,-0.3
4.012,-0.58
4.014,-0.43
4.016,-0.08
4.018,0.1
4.02,-0.01
4.022,-0.47
4.024,-0.56
4.026,-0.16
4.028,0.1
4.03,0.05
4.032,-0.27
4.034,-0.47
4.036,-0.41
4.038,-0.05
4.04,0.08
4.042,0.05
4.044,-0.38
4.046,-0.47
4.048,-0.21
4.05,0.03
4.052,0.12
4.054,-0.16
4.056,-0.41
4.058,-0.41
4.06,-0.05
4.062,0.01
4.064,0.08
4.066,-0.32
4.068,-0.52
4.07,-0.32
4.072,0.03
4.074,0.21
4.076,-0.16
4.078,-0.43
4.08,-0.47
4.082,-0.08
4.084,0.1
4.086,0.19
4.088,-0.25
4.09,-0.58
4.092,-0.36
4.094,0.03
4.096,0.27
4.098,-0.05
4.1,-0.41
4.102,-0.58
4.104,-0.12
4.106,0.14
4.108,0.16
4.11,-0.27
4.112,-0.6
4.114,-0.41
4.116,-0.01
4.118,0.27
4.12,-0.05
4.122,-0.49
4.124,-0.56
4.126,-0.1
4.128,0.1
4.13,0.03
4.132,-0.3
4.134,-0.58
4.136,-0.43
4.138,-0.05
4.14,0.12
4.142,-0.08
4.144,-0.45
4.146,-0.52
4.148,-0.19
4.15,0.01
4.152,0.05
4.154,-0.21
4.156,-0.47
4.158,-0.38
4.16,-0.08
4.162,0.08
4.164,0.08
4.166,-0.32
4.168,-0.52
4.17,-0.25
4.172,0.05
4.174,0.14
4.176,-0.12
4.178,-0.41
4.18,-0.45
4.182,-0.1
4.184,0.14
4.186,0.21
4.188,-0.32
4.19,-0.58
4.192,-0.27
4.194,0.1
4.196,0.16
4.198,-0.14
4.2,-0.49
4.202,-0.56
4.204,-0.08
4.206,0.12
4.208,0.1
4.21,-0.41
4.212,-0.65
4.214,-0.38
4.216,0.03
4.218,0.16
4.22,-0.16
4.222,-0.47
4.224,-0.49
4.226,-0.01
4.228,0.12
4.23,0.1
4.232,-0.34
4.234,-0.58
4.236,-0.32
4.238,0.1
4.24,0.21
4.242,-0.16
4.244,-0.38
4.246,-0.43
4.248,-0.03
4.25,0.1
4.252,0.05
4.254,-0.32
4.256,-0.52
4.258,-0.34
4.26,-0.03
4.262,0.14
4.264,-0.05
4.266,-0.27
4.268,-0.43
4.27,-0.1
4.272,0.08
4.274,0.1
4.276,-0.16
4.278,-0.41
4.28,-0.41
4.282,-0.08
4.284,0.23
4.286,0.12
4.288,-0.27
4.29,-0.47
4.292,-0.19
4.294,0.12
4.296,0.16
4.298,-0.12
4.3,-0.47
4.302,-0.49
4.304,-0.03
4.306,0.23
4.308,0.12
4.31,-0.36
4.312,-0.58
4.314,-0.25
4.316,0.12
4.318,0.12
4.32,-0.23
4.322,-0.54
4.324,-0.49
4.326,-0.08
4.328,0.05
4.33,0.03
4.332,-0.45
4.334,-0.6
4.336,-0.27
4.338,0.08
4.34,0.03
4.342,-0.23
4.344,-0.43
4.346,-0.45
4.348,-0.1
4.35,0.01
4.352,0.08
4.354,-0.36
4.356,-0.54
4.358,-0.34
4.36,-0.05
4.362,0.03
4.364,-0.1
4.366,-0.36
4.368,-0.52
4.37,-0.19
4.372,-0.03
4.374,0.1
4.376,-0.21
4.378,-0.47
4.38,-0.43
4.382,-0.05
4.384,0.16
4.386,0.01
4.388,-0.32
4.39,-0.52
4.392,-0.21
4.394,0.01
4.396,0.16
4.398,-0.16
4.4,-0.54
4.402,-0.52
4.404,-0.03
4.406,0.21
4.408,0.01
4.41,-0.38
4.412,-0.6
4.414,-0.25
4.416,0.05
4.418,0.12
4.42,-0.23
4.422,-0.52
4.424,-0.45
4.426,-0.03
4.428,0.21
4.43,0.03
4.432,-0.38
4.434,-0.56
4.436,-0.19
4.438,0.12
4.44,0.1
4.442,-0.14
4.444,-0.38
4.446,-0.41
4.448,-0.05
4.45,0.16
4.452,0.08
4.454,-0.32
4.456,-0.45
4.458,-0.21
4.46,0.03
4.462,0.05
4.464,-0.05
4.466,-0.34
4.468,-0.43
4.47,-0.12
4.472,0.08
4.474,0.12
4.476,-0.25
4.478,-0.49
4.48,-0.41
4.482,0.01
4.484,0.16
4.486,0.01
4.488,-0.32
4.49,-0.47
4.492,-0.16
4.494,0.03
4.496,0.16
4.498,-0.27
4.5,-0.58
4.502,-0.38
4.504,0.03
4.506,0.1
4.508,-0.1
4.51,-0.43
4.512,-0.56
4.514,-0.19
4.516,0.03
4.518,0.08
4.52,-0.38
4.522,-0.6
4.524,-0.43
4.526,0.01
4.528,0.12
4.53,-0.08
4.532,-0.43
4.534,-0.54
4.536,-0.12
4.538,0.03
4.54,0.05
4.542,-0.25
4.544,-0.49
4.546,-0.45
4.548,-0.05
4.55,0.12
4.552,-0.05
4.554,-0.34
4.556,-0.47
4.558,-0.21
4.56,-0.05
4.562,0.08
4.564,-0.12
4.566,-0.41
4.568,-0.45
4.57,-0.12
4.572,0.08
4.574,0.03
4.576,-0.25
4.578,-0.47
4.58,-0.25
4.582,0.03
4.584,0.1
4.586,-0.08
4.588,-0.36
4.59,-0.45
4.592,-0.14
4.594,0.1
4.596,0.08
4.598,-0.32
4.6,-0.54
4.602,-0.27
4.604,0.05
4.606,0.08
4.608,-0.1
4.61,-0.38
4.612,-0.49
4.614,-0.14
4.616,0.08
4.618,0.01
4.62,-0.38
4.622,-0.54
4.624,-0.34
4.626,0.01
4.628,0.08
4.63,-0.08
4.632,-0.41
4.634,-0.49
4.636,-0.14
4.638,0.05
4.64,0.08
4.642,-0.27
4.644,-0.45
4.646,-0.32
4.648,0.08
4.65,0.14
4.652,-0.01
4.654,-0.27
4.656,-0.36
4.658,-0.12
4.66,0.01
4.662,0.14
4.664,-0.19
4.666,-0.41
4.668,-0.34
4.67,0.01
4.672,0.08
4.674,0.05
4.676,-0.21
4.678,-0.41
4.68,-0.19
4.682,-0.03
4.684,0.12
4.686,-0.12
4.688,-0.43
4.69,-0.49
4.692,-0.16
4.694,0.08
4.696,0.05
4.698,-0.3
4.7,-0.58
4.702,-0.3
4.704,-0.03
4.706,0.1
4.708,-0.12
4.71,-0.49
4.712,-0.6
4.714,-0.16
4.716,0.12
4.718,0.03
4.72,-0.34
4.722,-0.56
4.724,-0.27
4.726,0.03
4.728,0.12
4.73,-0.12
4.732,-0.47
4.734,-0.52
4.736,-0.1
4.738,0.1
4.74,-0.01
4.742,-0.36
4.744,-0.56
4.746,-0.3
4.748,0.05
4.75,0.01
4.752,-0.16
4.754,-0.38
4.756,-0.45
4.758,-0.19
4.76,0.01
4.762,0.01
4.764,-0.3
4.766,-0.47
4.768,-0.34
4.77,-0.03
4.772,-0.01
4.774,-0.01
4.776,-0.27
4.778,-0.47
4.78,-0.23
4.782,-0.03
4.784,0.03
4.786,-0.21
4.788,-0.47
4.79,-0.47
4.792,-0.05
4.794,0.08
4.796,0.03
4.798,-0.32
4.8,-0.52
4.802,-0.25
4.804,0.01
4.806,0.14
4.808,-0.16
4.81,-0.49
4.812,-0.52
4.814,-0.01
4.816,0.14
4.818,0.01
4.82,-0.34
4.822,-0.49
4.824,-0.19
4.826,0.1
4.828,0.16
4.83,-0.14
4.832,-0.45
4.834,-0.41
4.836,0.03
4.838,0.14
4.84,0.03
4.842,-0.3
4.844,-0.45
4.846,-0.14
4.848,0.1
4.85,0.14
4.852,-0.1
4.854,-0.34
4.856,-0.45
4.858,-0.1
4.86,0.1
4.862,0.03
4.864,-0.25
4.866,-0.43
4.868,-0.23
4.87,-0.01
4.872,0.08
4.874,-0.03
4.876,-0.32
4.878,-0.45
4.88,-0.12
4.882,0.12
4.884,0.08
4.886,-0.19
4.888,-0.41
4.89,-0.34
4.892,-0.03
4.894,0.1
4.896,-0.03
4.898,-0.34
4.9,-0.47
4.902,-0.23
4.904,0.08
4.906,0.14
4.908,-0.21
4.91,-0.54
4.912,-0.45
4.914,-0.03
4.916,0.05
4.918,-0.03
4.92,-0.34
4.922,-0.47
4.924,-0.23
4.926,0.08
4.928,0.08
4.93,-0.27
4.932,-0.47
4.934,-0.41
4.936,-0.03
4.938,0.01
4.94,-0.03
4.942,-0.34
4.944,-0.45
4.946,-0.21
4.948,0.01
4.95,0.03
4.952,-0.19
4.954,-0.41
4.956,-0.49
4.958,-0.1
4.96,-0.01
4.962,-0.08
4.964,-0.34
4.966,-0.45
4.968,-0.3
4.97,-0.12
4.972,0.01
4.974,-0.14
4.976,-0.43
4.978,-0.54
4.98,-0.19
4.982,-0.03
4.984,-0.03
4.986,-0.25
4.988,-0.47
4.99,-0.36
4.992,-0.1
4.994,0.05
4.996,-0.05
4.998,-0.34
5,-0.54
5.002,-0.23
5.004,0.03
5.006,0.08
5.008,-0.21
5.01,-0.49
5.012,-0.32
5.014,0.01
5.016,0.16
5.018,0.03
5.02,-0.3
5.022,-0.49
5.024,-0.14
5.026,0.16
5.028,0.12
5.03,-0.23
5.032,-0.47
5.034,-0.3
5.036,0.03
5.038,0.16
5.04,0.05
5.042,-0.27
5.044,-0.41
5.046,-0.1
5.048,0.12
5.05,0.08
5.052,-0.21
5.054,-0.41
5.056,-0.32
5.058,0.08
5.06,0.12
5.062,0.01
5.064,-0.23
5.066,-0.34
5.068,-0.16
5.07,0.05
5.072,0.08
5.074,-0.16
5.076,-0.38
5.078,-0.36
5.08,-0.01
5.082,-0.01
5.084,-0.03
5.086,-0.27
5.088,-0.43
5.09,-0.3
5.092,-0.01
5.094,0.01
5.096,-0.19
5.098,-0.43
5.1,-0.56
5.102,-0.19
5.104,-0.03
5.106,0.01
5.108,-0.27
5.11,-0.47
5.112,-0.34
5.114,-0.05
5.116,0.03
5.118,-0.12
5.12,-0.41
5.122,-0.6
5.124,-0.19
5.126,0.01
5.128,-0.03
5.13,-0.32
5.132,-0.47
5.134,-0.32
5.136,-0.05
5.138,0.08
5.14,-0.1
5.142,-0.41
5.144,-0.52
5.146,-0.14
5.148,0.05
5.15,0.01
5.152,-0.27
5.154,-0.49
5.156,-0.36
5.158,-0.03
5.16,0.03
5.162,-0.1
5.164,-0.32
5.166,-0.45
5.168,-0.23
5.17,0.01
5.172,-0.01
5.174,-0.27
5.176,-0.47
5.178,-0.36
5.18,-0.12
5.182,-0.01
5.184,-0.01
5.186,-0.27
5.188,-0.45
5.19,-0.27
5.192,0.01
5.194,0.03
5.196,-0.16
5.198,-0.38
5.2,-0.45
5.202,-0.14
5.204,0.05
5.206,0.1
5.208,-0.19
5.21,-0.38
5.212,-0.27
5.214,0.03
5.216,0.14
5.218,-0.05
5.22,-0.38
5.222,-0.45
5.224,-0.01
5.226,0.14
5.228,0.14
5.23,-0.19
5.232,-0.41
5.234,-0.32
5.236,0.05
5.238,0.16
5.24,-0.1
5.242,-0.38
5.244,-0.43
5.246,-0.01
5.248,0.12
5.25,0.1
5.252,-0.21
5.254,-0.38
5.256,-0.23
5.258,0.05
5.26,0.12
5.262,-0.08
5.264,-0.27
5.266,-0.38
5.268,-0.08
5.27,0.08
5.272,0.01
5.274,-0.25
5.276,-0.36
5.278,-0.3
5.28,-0.12
5.282,-0.01
5.284,-0.1
5.286,-0.3
5.288,-0.52
5.29,-0.27
5.292,-0.1
5.294,-0.1
5.296,-0.25
5.298,-0.43
5.3,-0.45
5.302,-0.23
5.304,-0.01
5.306,-0.03
5.308,-0.34
5.31,-0.58
5.312,-0.38
5.314,-0.08
5.316,0.03
5.318,-0.21
5.32,-0.54
5.322,-0.47
5.324,-0.1
5.326,0.05
5.328,-0.01
5.33,-0.32
5.332,-0.54
5.334,-0.34
5.336,0.01
5.338,0.01
5.34,-0.25
5.342,-0.47
5.344,-0.36
5.346,-0.05
5.348,0.01
5.35,-0.03
5.352,-0.32
5.354,-0.41
5.356,-0.25
5.358,0.01
5.36,-0.03
5.362,-0.19
5.364,-0.34
5.366,-0.36
5.368,-0.08
5.37,-0.01
5.372,-0.01
5.374,-0.23
5.376,-0.3
5.378,-0.25
5.38,-0.03
5.382,0.03
5.384,-0.05
5.386,-0.3
5.388,-0.43
5.39,-0.12
5.392,0.01
5.394,0.08
5.396,-0.12
5.398,-0.34
5.4,-0.36
5.402,-0.01
5.404,0.19
5.406,0.08
5.408,-0.21
5.41,-0.45
5.412,-0.19
5.414,0.08
5.416,0.16
5.418,-0.12
5.42,-0.43
5.422,-0.38
5.424,-0.01
5.426,0.16
5.428,0.05
5.43,-0.3
5.432,-0.54
5.434,-0.21
5.436,0.1
5.438,0.08
5.44,-0.25
5.442,-0.47
5.444,-0.38
5.446,-0.08
5.448,0.08
5.45,-0.03
5.452,-0.32
5.454,-0.47
5.456,-0.19
5.458,0.05
5.46,-0.03
5.462,-0.27
5.464,-0.45
5.466,-0.34
5.468,-0.05
5.47,-0.01
5.472,-0.14
5.474,-0.34
5.476,-0.43
5.478,-0.27
5.48,-0.05
5.482,-0.1
5.484,-0.25
5.486,-0.45
5.488,-0.41
5.49,-0.19
5.492,-0.16
5.494,-0.12
5.496,-0.27
5.498,-0.45
5.5,-0.43
5.502,-0.12
5.504,-0.03
5.506,-0.08
5.508,-0.34
5.51,-0.47
5.512,-0.25
5.514,-0.05
5.516,0.1
5.518,-0.14
5.52,-0.38
5.522,-0.38
5.524,-0.01
5.526,0.14
5.528,0.08
5.53,-0.25
5.532,-0.47
5.534,-0.14
5.536,0.05
5.538,0.05
5.54,-0.23
5.542,-0.41
5.544,-0.36
5.546,-0.01
5.548,0.12
5.55,-0.01
5.552,-0.32
5.554,-0.43
5.556,-0.05
5.558,0.05
5.56,-0.01
5.562,-0.21
5.564,-0.32
5.566,-0.27
5.568,0.01
5.57,0.08
5.572,-0.03
5.574,-0.23
5.576,-0.36
5.578,-0.16
5.58,0.03
5.582,0.01
5.584,-0.16
5.586,-0.34
5.588,-0.32
5.59,-0.12
5.592,-0.01
5.594,0.01
5.596,-0.19
5.598,-0.41
5.6,-0.25
5.602,0.01
5.604,0.01
5.606,-0.14
5.608,-0.36
5.61,-0.41
5.612,-0.19
5.614,0.03
5.616,0.05
5.618,-0.23
5.62,-0.47
5.622,-0.36
5.624,-0.01
5.626,0.05
5.628,-0.08
5.63,-0.41
5.632,-0.47
5.634,-0.16
5.636,0.05
5.638,0.05
5.64,-0.23
5.642,-0.45
5.644,-0.41
5.646,-0.03
5.648,0.03
5.65,-0.12
5.652,-0.45
5.654,-0.47
5.656,-0.14
5.658,-0.01
5.66,0.01
5.662,-0.25
5.664,-0.45
5.666,-0.41
5.668,-0.05
5.67,-0.03
5.672,-0.14
5.674,-0.36
5.676,-0.45
5.678,-0.19
5.68,-0.01
5.682,-0.05
5.684,-0.27
5.686,-0.36
5.688,-0.34
5.69,-0.08
5.692,-0.01
5.694,-0.01
5.696,-0.23
5.698,-0.43
5.7,-0.19
5.702,0.03
5.704,0.05
5.706,-0.08
5.708,-0.25
5.71,-0.36
5.712,-0.1
5.714,0.12
5.716,0.12
5.718,-0.14
5.72,-0.38
5.722,-0.19
5.724,0.08
5.726,0.14
5.728,-0.08
5.73,-0.36
5.732,-0.41
5.734,-0.03
5.736,0.16
5.738,0.05
5.74,-0.23
5.742,-0.45
5.744,-0.21
5.746,0.14
5.748,0.1
5.75,-0.14
5.752,-0.38
5.754,-0.34
5.756,-0.05
5.758,0.05
5.76,-0.01
5.762,-0.25
5.764,-0.41
5.766,-0.23
5.768,0.03
5.77,-0.05
5.772,-0.19
5.774,-0.36
5.776,-0.41
5.778,-0.21
5.78,-0.1
5.782,-0.12
5.784,-0.25
5.786,-0.36
5.788,-0.36
5.79,-0.19
5.792,-0.12
5.794,-0.12
5.796,-0.3
5.798,-0.45
5.8,-0.32
5.802,-0.14
5.804,-0.03
5.806,-0.14
5.808,-0.32
5.81,-0.47
5.812,-0.16
5.814,0.01
5.816,-0.01
5.818,-0.27
5.82,-0.47
5.822,-0.3
5.824,-0.08
5.826,0.03
5.828,-0.16
5.83,-0.41
5.832,-0.52
5.834,-0.14
5.836,0.03
5.838,-0.01
5.84,-0.32
5.842,-0.54
5.844,-0.32
5.846,0.01
5.848,0.03
5.85,-0.25
5.852,-0.41
5.854,-0.45
5.856,-0.14
5.858,0.03
5.86,-0.01
5.862,-0.32
5.864,-0.49
5.866,-0.23
5.868,-0.01
5.87,-0.05
5.872,-0.23
5.874,-0.36
5.876,-0.45
5.878,-0.16
5.88,-0.01
5.882,-0.03
5.884,-0.25
5.886,-0.38
5.888,-0.27
5.89,-0.05
5.892,-0.01
5.894,-0.12
5.896,-0.3
5.898,-0.36
5.9,-0.12
5.902,0.01
5.904,0.01
5.906,-0.1
5.908,-0.34
5.91,-0.32
5.912,-0.01
5.914,0.01
5.916,-0.05
5.918,-0.27
5.92,-0.38
5.922,-0.21
5.924,0.03
5.926,0.08
5.928,-0.14
5.93,-0.41
5.932,-0.36
5.934,0.01
5.936,0.05
5.938,-0.01
5.94,-0.32
5.942,-0.45
5.944,-0.23
5.946,0.01
5.948,0.01
5.95,-0.21
5.952,-0.36
5.954,-0.41
5.956,-0.1
5.958,0.01
5.96,-0.08
5.962,-0.36
5.964,-0.43
5.966,-0.19
5.968,-0.03
5.97,-0.05
5.972,-0.21
5.974,-0.34
5.976,-0.41
5.978,-0.12
5.98,-0.01
5.982,-0.01
5.984,-0.23
5.986,-0.36
5.988,-0.27
5.99,-0.12
5.992,-0.03
5.994,-0.14
5.996,-0.3
5.998,-0.38
6,-0.19
6.002,-0.03
6.004,0.05
6.006,-0.16
6.008,-0.41
6.01,-0.32
6.012,-0.05
6.014,0.03
6.016,-0.12
6.018,-0.3
6.02,-0.45
6.022,-0.21
6.024,0.05
6.026,0.12
6.028,-0.16
6.03,-0.43
6.032,-0.34
6.034,-0.03
6.036,0.03
6.038,-0.05
6.04,-0.3
6.042,-0.41
6.044,-0.16
6.046,0.08
6.048,0.03
6.05,-0.16
6.052,-0.38
6.054,-0.34
6.056,-0.03
6.058,0.05
6.06,-0.05
6.062,-0.34
6.064,-0.36
6.066,-0.14
6.068,0.01
6.07,-0.01
6.072,-0.16
6.074,-0.38
6.076,-0.36
6.078,-0.01
6.08,0.01
6.082,-0.05
6.084,-0.27
6.086,-0.3
6.088,-0.14
6.09,0.01
6.092,-0.01
6.094,-0.14
6.096,-0.3
6.098,-0.32
6.1,-0.05
6.102,0.01
6.104,0.03
6.106,-0.19
6.108,-0.32
6.11,-0.21
6.112,-0.01
6.114,-0.01
6.116,-0.1
6.118,-0.25
6.12,-0.41
6.122,-0.16
6.124,-0.01
6.126,0.03
6.128,-0.23
6.13,-0.38
6.132,-0.25
6.134,-0.03
6.136,-0.01
6.138,-0.12
6.14,-0.34
6.142,-0.47
6.144,-0.16
6.146,0.03
6.148,0.01
6.15,-0.23
6.152,-0.45
6.154,-0.34
6.156,-0.03
6.158,0.03
6.16,-0.16
6.162,-0.36
6.164,-0.43
6.166,-0.19
6.168,-0.01
6.17,-0.01
6.172,-0.23
6.174,-0.43
6.176,-0.34
6.178,-0.03
6.18,-0.03
6.182,-0.16
6.184,-0.3
6.186,-0.38
6.188,-0.23
6.19,-0.01
6.192,-0.05
6.194,-0.21
6.196,-0.34
6.198,-0.34
6.2,-0.1
6.202,-0.01
6.204,-0.03
6.206,-0.21
6.208,-0.34
6.21,-0.25
6.212,-0.03
6.214,-0.05
6.216,-0.14
6.218,-0.34
6.22,-0.43
6.222,-0.14
6.224,0.01
6.226,0.01
6.228,-0.23
6.23,-0.38
6.232,-0.3
6.234,-0.05
6.236,0.01
6.238,-0.1
6.24,-0.34
6.242,-0.45
6.244,-0.1
6.246,0.03
6.248,0.03
6.25,-0.25
6.252,-0.43
6.254,-0.34
6.256,-0.03
6.258,0.01
6.26,-0.16
6.262,-0.36
6.264,-0.45
6.266,-0.14
6.268,-0.01
6.27,0.03
6.272,-0.25
6.274,-0.43
6.276,-0.27
6.278,-0.05
6.28,-0.05
6.282,-0.14
6.284,-0.27
6.286,-0.34
6.288,-0.1
6.29,0.01
6.292,-0.01
6.294,-0.21
6.296,-0.32
6.298,-0.23
6.3,-0.08
6.302,-0.05
6.304,-0.1
6.306,-0.23
6.308,-0.34
6.31,-0.19
6.312,-0.05
6.314,-0.05
6.316,-0.12
6.318,-0.32
6.32,-0.36
6.322,-0.14
6.324,-0.03
6.326,-0.08
6.328,-0.23
6.33,-0.36
6.332,-0.27
6.334,-0.05
6.336,0.01
6.338,-0.1
6.34,-0.36
6.342,-0.38
6.344,-0.1
6.346,-0.01
6.348,-0.05
6.35,-0.25
6.352,-0.43
6.354,-0.34
6.356,-0.03
6.358,-0.03
6.36,-0.19
6.362,-0.38
6.364,-0.45
6.366,-0.14
6.368,0.01
6.37,-0.05
6.372,-0.32
6.374,-0.45
6.376,-0.3
6.378,-0.03
6.38,-0.08
6.382,-0.14
6.384,-0.3
6.386,-0.41
6.388,-0.08
6.39,0.03
6.392,-0.03
6.394,-0.25
6.396,-0.3
6.398,-0.23
6.4,-0.03
6.402,-0.05
6.404,-0.16
6.406,-0.27
6.408,-0.38
6.41,-0.14
6.412,-0.01
6.414,-0.01
6.416,-0.19
6.418,-0.34
6.42,-0.36
6.422,-0.14
6.424,-0.08
6.426,-0.1
6.428,-0.19
6.43,-0.38
6.432,-0.3
6.434,-0.08
6.436,0.03
6.438,-0.16
6.44,-0.41
6.442,-0.41
6.444,-0.14
6.446,-0.03
6.448,-0.05
6.45,-0.25
6.452,-0.47
6.454,-0.27
6.456,-0.01
6.458,0.05
6.46,-0.16
6.462,-0.41
6.464,-0.41
6.466,-0.12
6.468,0.05
6.47,-0.03
6.472,-0.3
6.474,-0.38
6.476,-0.19
6.478,0.03
6.48,0.03
6.482,-0.1
6.484,-0.32
6.486,-0.3
6.488,-0.01
6.49,0.08
6.492,-0.01
6.494,-0.16
6.496,-0.27
6.498,-0.21
6.5,0.03
6.502,0.05
6.504,-0.01
6.506,-0.19
6.508,-0.27
6.51,-0.1
6.512,0.01
6.514,0.03
6.516,-0.14
6.518,-0.3
6.52,-0.3
6.522,-0.01
6.524,0.01
6.526,-0.03
6.528,-0.23
6.53,-0.41
6.532,-0.21
6.534,0.03
6.536,0.08
6.538,-0.16
6.54,-0.36
6.542,-0.41
6.544,-0.12
6.546,-0.01
6.548,-0.03
6.55,-0.27
6.552,-0.52
6.554,-0.23
6.556,0.01
6.558,0.03
6.56,-0.21
6.562,-0.41
6.564,-0.38
6.566,-0.05
6.568,0.03
6.57,-0.12
6.572,-0.36
6.574,-0.45
6.576,-0.21
6.578,0.01
6.58,0.03
6.582,-0.21
6.584,-0.41
6.586,-0.36
6.588,-0.1
6.59,-0.1
6.592,-0.21
6.594,-0.32
6.596,-0.41
6.598,-0.3
6.6,-0.1
6.602,-0.1
6.604,-0.25
6.606,-0.36
6.608,-0.36
6.61,-0.21
6.612,-0.14
6.614,-0.12
6.616,-0.25
6.618,-0.43
6.62,-0.36
6.622,-0.14
6.624,-0.08
6.626,-0.1
6.628,-0.32
6.63,-0.45
6.632,-0.25
6.634,-0.01
6.636,-0.01
6.638,-0.23
6.64,-0.38
6.642,-0.38
6.644,-0.08
6.646,0.03
6.648,-0.05
6.65,-0.41
6.652,-0.49
6.654,-0.19
6.656,0.08
6.658,0.01
6.66,-0.23
6.662,-0.38
6.664,-0.34
6.666,0.01
6.668,0.03
6.67,-0.08
6.672,-0.3
6.674,-0.34
6.676,-0.08
6.678,0.08
6.68,0.03
6.682,-0.19
6.684,-0.25
6.686,-0.14
6.688,0.1
6.69,0.03
6.692,-0.03
6.694,-0.14
6.696,-0.23
6.698,-0.1
6.7,0.03
6.702,0.01
6.704,-0.14
6.706,-0.19
6.708,-0.25
6.71,-0.14
6.712,-0.1
6.714,-0.05
6.716,-0.19
6.718,-0.36
6.72,-0.25
6.722,-0.1
6.724,-0.05
6.726,-0.1
6.728,-0.3
6.73,-0.41
6.732,-0.14
6.734,-0.01
6.736,-0.03
6.738,-0.21
6.74,-0.45
6.742,-0.36
6.744,-0.1
6.746,0.01
6.748,-0.1
6.75,-0.38
6.752,-0.47
6.754,-0.21
6.756,-0.05
6.758,-0.1
6.76,-0.3
6.762,-0.49
6.764,-0.41
6.766,-0.05
6.768,-0.03
6.77,-0.19
6.772,-0.41
6.774,-0.45
6.776,-0.21
6.778,-0.01
6.78,-0.08
6.782,-0.27
6.784,-0.38
6.786,-0.32
6.788,-0.05
6.79,-0.05
6.792,-0.1
6.794,-0.27
6.796,-0.36
6.798,-0.16
6.8,0.01
6.802,-0.03
6.804,-0.21
6.806,-0.25
6.808,-0.3
6.81,-0.1
6.812,-0.05
6.814,-0.05
6.816,-0.23
6.818,-0.34
6.82,-0.23
6.822,-0.03
6.824,0.01
6.826,-0.1
6.828,-0.27
6.83,-0.43
6.832,-0.21
6.834,-0.1
6.836,-0.05
6.838,-0.23
6.84,-0.41
6.842,-0.32
6.844,-0.05
6.846,0.05
6.848,-0.14
6.85,-0.34
6.852,-0.41
6.854,-0.14
6.856,-0.01
6.858,0.03
6.86,-0.14
6.862,-0.36
6.864,-0.21
6.866,0.08
6.868,0.1
6.87,-0.1
6.872,-0.25
6.874,-0.27
6.876,-0.03
6.878,0.08
6.88,-0.01
6.882,-0.19
6.884,-0.27
6.886,-0.14
6.888,0.05
6.89,0.03
6.892,-0.08
6.894,-0.27
6.896,-0.32
6.898,-0.1
6.9,0.01
6.902,-0.1
6.904,-0.23
6.906,-0.3
6.908,-0.27
6.91,-0.05
6.912,-0.03
6.914,-0.12
6.916,-0.32
6.918,-0.36
6.92,-0.21
6.922,-0.05
6.924,-0.05
6.926,-0.21
6.928,-0.36
6.93,-0.36
6.932,-0.1
6.934,-0.08
6.936,-0.12
6.938,-0.3
6.94,-0.41
6.942,-0.27
6.944,-0.03
6.946,-0.01
6.948,-0.19
6.95,-0.34
6.952,-0.38
6.954,-0.19
6.956,-0.1
6.958,-0.1
6.96,-0.32
6.962,-0.45
6.964,-0.27
6.966,0.01
6.968,-0.01
6.97,-0.21
6.972,-0.34
6.974,-0.41
6.976,-0.12
6.978,-0.01
6.98,-0.08
6.982,-0.27
6.984,-0.34
6.986,-0.16
6.988,0.03
6.99,0.03
6.992,-0.16
6.994,-0.27
6.996,-0.3
6.998,-0.05
7,-0.03
7.002,-0.08
7.004,-0.16
7.006,-0.25
7.008,-0.21
7.01,-0.05
7.012,-0.08
7.014,-0.19
7.016,-0.25
7.018,-0.32
7.02,-0.19
7.022,-0.12
7.024,-0.05
7.026,-0.12
7.028,-0.32
7.03,-0.3
7.032,-0.12
7.034,-0.08
7.036,-0.08
7.038,-0.23
7.04,-0.41
7.042,-0.21
7.044,-0.03
7.046,-0.01
7.048,-0.12
7.05,-0.3
7.052,-0.34
7.054,-0.12
7.056,-0.01
7.058,-0.01
7.06,-0.25
7.062,-0.36
7.064,-0.14
7.066,0.08
7.068,0.03
7.07,-0.08
7.072,-0.25
7.074,-0.32
7.076,-0.03
7.078,0.05
7.08,-0.03
7.082,-0.25
7.084,-0.32
7.086,-0.14
7.088,0.08
7.09,0.03
7.092,-0.19
7.094,-0.32
7.096,-0.3
7.098,-0.03
7.1,-0.03
7.102,-0.1
7.104,-0.27
7.106,-0.32
7.108,-0.19
7.11,0.01
7.112,-0.08
7.114,-0.23
7.116,-0.25
7.118,-0.32
7.12,-0.19
7.122,-0.12
7.124,-0.1
7.126,-0.21
7.128,-0.34
7.13,-0.34
7.132,-0.16
7.134,-0.1
7.136,-0.14
7.138,-0.27
7.14,-0.47
7.142,-0.3
7.144,-0.12
7.146,-0.1
7.148,-0.23
7.15,-0.43
7.152,-0.47
7.154,-0.19
7.156,-0.03
7.158,-0.14
7.16,-0.41
7.162,-0.54
7.164,-0.3
7.166,-0.08
7.168,-0.08
7.17,-0.25
7.172,-0.47
7.174,-0.43
7.176,-0.08
7.178,0.01
7.18,-0.16
7.182,-0.36
7.184,-0.38
7.186,-0.14
7.188,0.03
7.19,-0.03
7.192,-0.23
7.194,-0.36
7.196,-0.27
7.198,-0.05
7.2,-0.03
7.202,-0.1
7.204,-0.25
7.206,-0.27
7.208,-0.14
7.21,-0.01
7.212,-0.08
7.214,-0.14
7.216,-0.23
7.218,-0.3
7.22,-0.19
7.222,-0.08
7.224,-0.05
7.226,-0.23
7.228,-0.34
7.23,-0.27
7.232,-0.08
7.234,-0.05
7.236,-0.12
7.238,-0.32
7.24,-0.43
7.242,-0.19
7.244,-0.01
7.246,-0.01
7.248,-0.16
7.25,-0.34
7.252,-0.3
7.254,-0.01
7.256,0.05
7.258,-0.1
7.26,-0.3
7.262,-0.34
7.264,-0.08
7.266,0.08
7.268,0.08
7.27,-0.16
7.272,-0.36
7.274,-0.23
7.276,0.08
7.278,0.08
7.28,-0.12
7.282,-0.27
7.284,-0.34
7.286,-0.1
7.288,0.03
7.29,-0.03
7.292,-0.27
7.294,-0.36
7.296,-0.3
7.298,-0.08
7.3,-0.08
7.302,-0.16
7.304,-0.3
7.306,-0.36
7.308,-0.19
7.31,-0.08
7.312,-0.14
7.314,-0.21
7.316,-0.34
7.318,-0.36
7.32,-0.19
7.322,-0.1
7.324,-0.14
7.326,-0.25
7.328,-0.34
7.33,-0.27
7.332,-0.14
7.334,-0.1
7.336,-0.12
7.338,-0.3
7.34,-0.41
7.342,-0.19
7.344,-0.05
7.346,-0.08
7.348,-0.25
7.35,-0.43
7.352,-0.36
7.354,-0.08
7.356,-0.03
7.358,-0.14
7.36,-0.32
7.362,-0.45
7.364,-0.23
7.366,-0.05
7.368,-0.03
7.37,-0.27
7.372,-0.41
7.374,-0.3
7.376,-0.01
7.378,-0.03
7.38,-0.14
7.382,-0.3
7.384,-0.38
7.386,-0.16
7.388,0.01
7.39,-0.03
7.392,-0.23
7.394,-0.27
7.396,-0.16
7.398,0.05
7.4,0.05
7.402,-0.1
7.404,-0.23
7.406,-0.23
7.408,-0.03
7.41,-0.01
7.412,-0.03
7.414,-0.14
7.416,-0.21
7.418,-0.25
7.42,-0.05
7.422,-0.03
7.424,-0.14
7.426,-0.21
7.428,-0.27
7.43,-0.21
7.432,-0.14
7.434,-0.05
7.436,-0.14
7.438,-0.27
7.44,-0.32
7.442,-0.16
7.444,-0.05
7.446,-0.05
7.448,-0.16
7.45,-0.32
7.452,-0.23
7.454,-0.03
7.456,0.01
7.458,-0.1
7.46,-0.25
7.462,-0.32
7.464,-0.1
7.466,0.1
7.468,0.03
7.47,-0.16
7.472,-0.3
7.474,-0.14
7.476,0.08
7.478,0.03
7.48,-0.1
7.482,-0.3
7.484,-0.34
7.486,-0.05
7.488,0.05
7.49,-0.08
7.492,-0.27
7.494,-0.34
7.496,-0.25
7.498,-0.05
7.5,-0.1
7.502,-0.19
7.504,-0.32
7.506,-0.32
7.508,-0.16
7.51,-0.12
7.512,-0.14
7.514,-0.25
7.516,-0.32
7.518,-0.32
7.52,-0.1
7.522,-0.12
7.524,-0.16
7.526,-0.25
7.528,-0.36
7.53,-0.3
7.532,-0.14
7.534,-0.05
7.536,-0.23
7.538,-0.41
7.54,-0.41
7.542,-0.16
7.544,-0.1
7.546,-0.05
7.548,-0.25
7.55,-0.45
7.552,-0.3
7.554,-0.05
7.556,0.01
7.558,-0.19
7.56,-0.38
7.562,-0.43
7.564,-0.12
7.566,0.01
7.568,-0.08
7.57,-0.32
7.572,-0.45
7.574,-0.27
7.576,-0.05
7.578,-0.03
7.58,-0.21
7.582,-0.38
7.584,-0.41
7.586,-0.1
7.588,-0.01
7.59,-0.16
7.592,-0.3
7.594,-0.36
7.596,-0.21
7.598,0.01
7.6,-0.01
7.602,-0.16
7.604,-0.3
7.606,-0.3
7.608,-0.1
7.61,-0.03
7.612,-0.1
7.614,-0.21
7.616,-0.32
7.618,-0.21
7.62,-0.01
7.622,-0.03
7.624,-0.12
7.626,-0.21
7.628,-0.32
7.63,-0.16
7.632,-0.01
7.634,-0.03
7.636,-0.21
7.638,-0.3
7.64,-0.25
7.642,-0.05
7.644,-0.03
7.646,-0.03
7.648,-0.21
7.65,-0.34
7.652,-0.16
7.654,0.01
7.656,0.03
7.658,-0.1
7.66,-0.25
7.662,-0.27
7.664,-0.01
7.666,0.03
7.668,-0.03
7.67,-0.21
7.672,-0.3
7.674,-0.16
7.676,0.01
7.678,0.05
7.68,-0.16
7.682,-0.36
7.684,-0.34
7.686,-0.01
7.688,-0.01
7.69,-0.14
7.692,-0.27
7.694,-0.36
7.696,-0.21
7.698,0.01
7.7,-0.03
7.702,-0.27
7.704,-0.34
7.706,-0.3
7.708,-0.1
7.71,-0.08
7.712,-0.19
7.714,-0.27
7.716,-0.34
7.718,-0.21
7.72,-0.1
7.722,-0.1
7.724,-0.19
7.726,-0.27
7.728,-0.36
7.73,-0.23
7.732,-0.1
7.734,-0.12
7.736,-0.23
7.738,-0.32
7.74,-0.32
7.742,-0.19
7.744,-0.05
7.746,-0.08
7.748,-0.23
7.75,-0.38
7.752,-0.25
7.754,-0.1
7.756,-0.08
7.758,-0.14
7.76,-0.3
7.762,-0.3
7.764,-0.08
7.766,0.01
7.768,-0.05
7.77,-0.23
7.772,-0.36
7.774,-0.23
7.776,-0.05
7.778,-0.01
7.78,-0.19
7.782,-0.32
7.784,-0.25
7.786,0.01
7.788,-0.01
7.79,-0.08
7.792,-0.27
7.794,-0.41
7.796,-0.23
7.798,0.01
7.8,-0.03
7.802,-0.23
7.804,-0.3
7.806,-0.25
7.808,-0.01
7.81,-0.01
7.812,-0.1
7.814,-0.25
7.816,-0.32
7.818,-0.21
7.82,-0.08
7.822,-0.1
7.824,-0.19
7.826,-0.25
7.828,-0.32
7.83,-0.14
7.832,-0.12
7.834,-0.16
7.836,-0.23
7.838,-0.3
7.84,-0.3
7.842,-0.16
7.844,-0.05
7.846,-0.12
7.848,-0.25
7.85,-0.38
7.852,-0.23
7.854,-0.1
7.856,-0.01
7.858,-0.14
7.86,-0.36
7.862,-0.34
7.864,-0.08
7.866,0.08
7.868,-0.05
7.87,-0.3
7.872,-0.45
7.874,-0.23
7.876,0.03
7.878,0.03
7.88,-0.23
7.882,-0.43
7.884,-0.3
7.886,-0.03
7.888,0.01
7.89,-0.12
7.892,-0.36
7.894,-0.41
7.896,-0.16
7.898,-0.03
7.9,-0.14
7.902,-0.3
7.904,-0.34
7.906,-0.25
7.908,-0.1
7.91,-0.1
7.912,-0.19
7.914,-0.3
7.916,-0.32
7.918,-0.19
7.92,-0.1
7.922,-0.14
7.924,-0.19
7.926,-0.27
7.928,-0.3
7.93,-0.12
7.932,-0.1
7.934,-0.12
7.936,-0.19
7.938,-0.27
7.94,-0.27
7.942,-0.08
7.944,-0.01
7.946,-0.1
7.948,-0.25
7.95,-0.3
7.952,-0.12
7.954,-0.03
7.956,0.01
7.958,-0.14
7.96,-0.34
7.962,-0.25
7.964,0.01
7.966,0.05
7.968,-0.1
7.97,-0.27
7.972,-0.36
7.974,-0.12
7.976,0.05
7.978,0.01
7.98,-0.21
7.982,-0.34
7.984,-0.21
7.986,-0.01
7.988,0.01
7.99,-0.14
7.992,-0.36
7.994,-0.41
7.996,-0.14
7.998,-0.05
8,-0.12
8.002,-0.25
8.004,-0.34
8.006,-0.25
8.008,-0.05
8.01,-0.05
8.012,-0.19
8.014,-0.32
8.016,-0.32
8.018,-0.14
8.02,-0.12
8.022,-0.16
8.024,-0.23
8.026,-0.3
8.028,-0.23
8.03,-0.1
8.032,-0.14
8.034,-0.19
8.036,-0.23
8.038,-0.36
8.04,-0.27
8.042,-0.1
8.044,-0.08
8.046,-0.14
8.048,-0.27
8.05,-0.32
8.052,-0.16
8.054,-0.08
8.056,-0.05
8.058,-0.23
8.06,-0.41
8.062,-0.27
8.064,-0.01
8.066,-0.01
8.068,-0.12
8.07,-0.32
8.072,-0.41
8.074,-0.12
8.076,0.01
8.078,-0.05
8.08,-0.27
8.082,-0.38
8.084,-0.25
8.086,0.01
8.088,0.03
8.09,-0.12
8.092,-0.32
8.094,-0.34
8.096,-0.08
8.098,-0.01
8.1,-0.1
8.102,-0.23
8.104,-0.32
8.106,-0.23
8.108,-0.01
8.11,-0.05
8.112,-0.23
8.114,-0.27
8.116,-0.32
8.118,-0.14
8.12,-0.12
8.122,-0.14
8.124,-0.23
8.126,-0.3
8.128,-0.25
8.13,-0.08
8.132,-0.1
8.134,-0.12
8.136,-0.19
8.138,-0.34
8.14,-0.19
8.142,-0.05
8.144,-0.05
8.146,-0.12
8.148,-0.19
8.15,-0.23
8.152,-0.12
8.154,-0.01
8.156,-0.01
8.158,-0.12
8.16,-0.27
8.162,-0.16
8.164,-0.01
8.166,0.03
8.168,-0.03
8.17,-0.21
8.172,-0.32
8.174,-0.1
8.176,0.03
8.178,-0.05
8.18,-0.23
8.182,-0.38
8.184,-0.3
8.186,-0.03
8.188,-0.01
8.19,-0.19
8.192,-0.34
8.194,-0.32
8.196,-0.1
8.198,-0.01
8.2,-0.12
8.202,-0.3
8.204,-0.38
8.206,-0.25
8.208,-0.01
8.21,-0.1
8.212,-0.27
8.214,-0.3
8.216,-0.27
8.218,-0.12
8.22,-0.08
8.222,-0.14
8.224,-0.23
8.226,-0.23
8.228,-0.19
8.23,-0.1
8.232,-0.12
8.234,-0.19
8.236,-0.23
8.238,-0.25
8.24,-0.12
8.242,-0.08
8.244,-0.1
8.246,-0.16
8.248,-0.25
8.25,-0.3
8.252,-0.12
8.254,-0.05
8.256,-0.1
8.258,-0.25
8.26,-0.34
8.262,-0.19
8.264,-0.08
8.266,-0.01
8.268,-0.14
8.27,-0.34
8.272,-0.36
8.274,-0.12
8.276,-0.01
8.278,-0.12
8.28,-0.3
8.282,-0.45
8.284,-0.27
8.286,-0.05
8.288,-0.01
8.29,-0.19
8.292,-0.36
8.294,-0.34
8.296,-0.1
8.298,-0.01
8.3,-0.1
8.302,-0.32
8.304,-0.47
8.306,-0.25
8.308,-0.03
8.31,-0.1
8.312,-0.23
8.314,-0.32
8.316,-0.3
8.318,-0.12
8.32,-0.05
8.322,-0.14
8.324,-0.32
8.326,-0.36
8.328,-0.25
8.33,-0.12
8.332,-0.1
8.334,-0.16
8.336,-0.27
8.338,-0.3
8.34,-0.14
8.342,-0.05
8.344,-0.12
8.346,-0.19
8.348,-0.27
8.35,-0.3
8.352,-0.12
8.354,-0.1
8.356,-0.14
8.358,-0.21
8.36,-0.27
8.362,-0.19
8.364,-0.1
8.366,-0.03
8.368,-0.12
8.37,-0.3
8.372,-0.27
8.374,-0.08
8.376,-0.05
8.378,-0.1
8.38,-0.21
8.382,-0.34
8.384,-0.19
8.386,0.03
8.388,0.03
8.39,-0.14
8.392,-0.3
8.394,-0.32
8.396,-0.05
8.398,0.03
8.4,-0.05
8.402,-0.25
8.404,-0.38
8.406,-0.14
8.408,0.03
8.41,-0.01
8.412,-0.14
8.414,-0.27
8.416,-0.32
8.418,-0.05
8.42,-0.01
8.422,-0.14
8.424,-0.25
8.426,-0.3
8.428,-0.16
8.43,-0.05
8.432,-0.05
8.434,-0.16
8.436,-0.23
8.438,-0.25
8.44,-0.1
8.442,-0.05
8.444,-0.1
8.446,-0.14
8.448,-0.25
8.45,-0.21
8.452,-0.08
8.454,-0.08
8.456,-0.16
8.458,-0.23
8.46,-0.3
8.462,-0.19
8.464,-0.05
8.466,-0.03
8.468,-0.19
8.47,-0.36
8.472,-0.3
8.474,-0.1
8.476,-0.05
8.478,-0.12
8.48,-0.3
8.482,-0.41
8.484,-0.23
8.486,-0.08
8.488,-0.1
8.49,-0.27
8.492,-0.38
8.494,-0.32
8.496,-0.1
8.498,-0.05
8.5,-0.19
8.502,-0.36
8.504,-0.36
8.506,-0.21
8.508,-0.1
8.51,-0.1
8.512,-0.23
8.514,-0.34
8.516,-0.34
8.518,-0.12
8.52,-0.12
8.522,-0.21
8.524,-0.27
8.526,-0.27
8.528,-0.16
8.53,-0.08
8.532,-0.08
8.534,-0.19
8.536,-0.23
8.538,-0.21
8.54,-0.05
8.542,-0.08
8.544,-0.08
8.546,-0.14
8.548,-0.27
8.55,-0.21
8.552,-0.05
8.554,-0.03
8.556,-0.12
8.558,-0.21
8.56,-0.32
8.562,-0.16
8.564,-0.05
8.566,-0.05
8.568,-0.21
8.57,-0.34
8.572,-0.23
8.574,-0.08
8.576,-0.08
8.578,-0.19
8.58,-0.27
8.582,-0.34
8.584,-0.12
8.586,-0.03
8.588,-0.12
8.59,-0.23
8.592,-0.32
8.594,-0.25
8.596,-0.05
8.598,-0.03
8.6,-0.16
8.602,-0.27
8.604,-0.27
8.606,-0.12
8.608,-0.05
8.61,-0.1
8.612,-0.23
8.614,-0.36
8.616,-0.27
8.618,-0.05
8.62,-0.08
8.622,-0.21
8.624,-0.3
8.626,-0.32
8.628,-0.21
8.63,-0.08
8.632,-0.1
8.634,-0.23
8.636,-0.3
8.638,-0.27
8.64,-0.14
8.642,-0.1
8.644,-0.12
8.646,-0.21
8.648,-0.3
8.65,-0.21
8.652,-0.1
8.654,-0.08
8.656,-0.14
8.658,-0.27
8.66,-0.36
8.662,-0.19
8.664,-0.08
8.666,-0.1
8.668,-0.25
8.67,-0.36
8.672,-0.27
8.674,-0.12
8.676,-0.03
8.678,-0.16
8.68,-0.36
8.682,-0.43
8.684,-0.16
8.686,-0.1
8.688,-0.16
8.69,-0.27
8.692,-0.36
8.694,-0.25
8.696,-0.05
8.698,-0.05
8.7,-0.23
8.702,-0.32
8.704,-0.32
8.706,-0.1
8.708,-0.05
8.71,-0.1
8.712,-0.25
8.714,-0.36
8.716,-0.23
8.718,-0.05
8.72,-0.1
8.722,-0.14
8.724,-0.23
8.726,-0.27
8.728,-0.12
8.73,-0.01
8.732,-0.05
8.734,-0.16
8.736,-0.25
8.738,-0.16
8.74,-0.03
8.742,-0.01
8.744,-0.08
8.746,-0.19
8.748,-0.27
8.75,-0.16
8.752,-0.05
8.754,-0.1
8.756,-0.14
8.758,-0.27
8.76,-0.27
8.762,-0.1
8.764,-0.05
8.766,-0.12
8.768,-0.19
8.77,-0.3
8.772,-0.27
8.774,-0.14
8.776,-0.08
8.778,-0.14
8.78,-0.27
8.782,-0.32
8.784,-0.1
8.786,-0.03
8.788,-0.08
8.79,-0.19
8.792,-0.36
8.794,-0.27
8.796,-0.01
8.798,0.01
8.8,-0.16
8.802,-0.27
8.804,-0.3
8.806,-0.08
8.808,0.03
8.81,-0.05
8.812,-0.27
8.814,-0.34
8.816,-0.19
8.818,-0.01
8.82,-0.08
8.822,-0.21
8.824,-0.27
8.826,-0.27
8.828,-0.05
8.83,-0.01
8.832,-0.12
8.834,-0.25
8.836,-0.25
8.838,-0.19
8.84,-0.08
8.842,-0.08
8.844,-0.16
8.846,-0.19
8.848,-0.21
8.85,-0.1
8.852,-0.05
8.854,-0.05
8.856,-0.12
8.858,-0.25
8.86,-0.27
8.862,-0.1
8.864,-0.05
8.866,-0.12
8.868,-0.19
8.87,-0.32
8.872,-0.23
8.874,-0.03
8.876,-0.01
8.878,-0.16
8.88,-0.34
8.882,-0.32
8.884,-0.14
8.886,-0.05
8.888,-0.1
8.89,-0.21
8.892,-0.36
8.894,-0.23
8.896,-0.05
8.898,-0.08
8.9,-0.21
8.902,-0.32
8.904,-0.34
8.906,-0.14
8.908,-0.05
8.91,-0.12
8.912,-0.25
8.914,-0.32
8.916,-0.21
8.918,-0.08
8.92,-0.08
8.922,-0.16
8.924,-0.3
8.926,-0.3
8.928,-0.1
8.93,-0.08
8.932,-0.14
8.934,-0.25
8.936,-0.3
8.938,-0.25
8.94,-0.1
8.942,-0.1
8.944,-0.16
8.946,-0.25
8.948,-0.27
8.95,-0.16
8.952,-0.19
8.954,-0.19
8.956,-0.25
8.958,-0.34
8.96,-0.32
8.962,-0.19
8.964,-0.16
8.966,-0.19
8.968,-0.25
8.97,-0.38
8.972,-0.3
8.974,-0.19
8.976,-0.14
8.978,-0.25
8.98,-0.36
8.982,-0.36
8.984,-0.19
8.986,-0.08
8.988,-0.1
8.99,-0.23
8.992,-0.41
8.994,-0.25
8.996,-0.05
8.998,-0.05
9,-0.19
9.002,-0.32
9.004,-0.3
9.006,-0.05
9.008,0.03
9.01,-0.12
9.012,-0.27
9.014,-0.36
9.016,-0.21
9.018,-0.05
9.02,-0.05
9.022,-0.19
9.024,-0.3
9.026,-0.25
9.028,-0.05
9.03,-0.05
9.032,-0.14
9.034,-0.19
9.036,-0.27
9.038,-0.19
9.04,-0.03
9.042,-0.05
9.044,-0.14
9.046,-0.16
9.048,-0.16
9.05,-0.1
9.052,-0.1
9.054,-0.1
9.056,-0.14
9.058,-0.23
9.06,-0.19
9.062,-0.08
9.064,-0.08
9.066,-0.1
9.068,-0.19
9.07,-0.3
9.072,-0.19
9.074,-0.1
9.076,-0.1
9.078,-0.21
9.08,-0.3
9.082,-0.32
9.084,-0.14
9.086,-0.05
9.088,-0.12
9.09,-0.32
9.092,-0.41
9.094,-0.21
9.096,-0.1
9.098,-0.12
9.1,-0.25
9.102,-0.38
9.104,-0.36
9.106,-0.1
9.108,-0.05
9.11,-0.19
9.112,-0.3
9.114,-0.36
9.116,-0.19
9.118,-0.08
9.12,-0.1
9.122,-0.25
9.124,-0.3
9.126,-0.21
9.128,-0.01
9.13,-0.08
9.132,-0.19
9.134,-0.23
9.136,-0.3
9.138,-0.14
9.14,-0.03
9.142,-0.12
9.144,-0.25
9.146,-0.27
9.148,-0.23
9.15,-0.1
9.152,-0.08
9.154,-0.14
9.156,-0.21
9.158,-0.27
9.16,-0.21
9.162,-0.14
9.164,-0.14
9.166,-0.14
9.168,-0.19
9.17,-0.27
9.172,-0.14
9.174,-0.08
9.176,-0.1
9.178,-0.14
9.18,-0.25
9.182,-0.25
9.184,-0.1
9.186,-0.01
9.188,-0.05
9.19,-0.23
9.192,-0.25
9.194,-0.12
9.196,-0.05
9.198,-0.03
9.2,-0.12
9.202,-0.27
9.204,-0.23
9.206,-0.01
9.208,0.01
9.21,-0.08
9.212,-0.21
9.214,-0.25
9.216,-0.1
9.218,-0.01
9.22,-0.01
9.222,-0.14
9.224,-0.23
9.226,-0.14
9.228,-0.01
9.23,-0.05
9.232,-0.1
9.234,-0.21
9.236,-0.27
9.238,-0.1
9.24,-0.05
9.242,-0.14
9.244,-0.19
9.246,-0.25
9.248,-0.27
9.25,-0.14
9.252,-0.14
9.254,-0.19
9.256,-0.23
9.258,-0.32
9.26,-0.25
9.262,-0.19
9.264,-0.14
9.266,-0.21
9.268,-0.3
9.27,-0.36
9.272,-0.19
9.274,-0.14
9.276,-0.19
9.278,-0.23
9.28,-0.36
9.282,-0.32
9.284,-0.14
9.286,-0.08
9.288,-0.21
9.29,-0.32
9.292,-0.36
9.294,-0.21
9.296,-0.12
9.298,-0.12
9.3,-0.23
9.302,-0.41
9.304,-0.3
9.306,-0.1
9.308,-0.12
9.31,-0.21
9.312,-0.3
9.314,-0.34
9.316,-0.19
9.318,-0.08
9.32,-0.19
9.322,-0.27
9.324,-0.3
9.326,-0.19
9.328,-0.05
9.33,-0.1
9.332,-0.19
9.334,-0.25
9.336,-0.23
9.338,-0.08
9.34,-0.08
9.342,-0.16
9.344,-0.19
9.346,-0.23
9.348,-0.21
9.35,-0.05
9.352,-0.05
9.354,-0.16
9.356,-0.21
9.358,-0.23
9.36,-0.14
9.362,-0.1
9.364,-0.08
9.366,-0.12
9.368,-0.23
9.37,-0.27
9.372,-0.12
9.374,-0.1
9.376,-0.1
9.378,-0.16
9.38,-0.32
9.382,-0.25
9.384,-0.08
9.386,-0.03
9.388,-0.14
9.39,-0.25
9.392,-0.32
9.394,-0.16
9.396,-0.03
9.398,-0.05
9.4,-0.23
9.402,-0.34
9.404,-0.16
9.406,0.01
9.408,0.01
9.41,-0.12
9.412,-0.27
9.414,-0.27
9.416,-0.05
9.418,0.01
9.42,-0.1
9.422,-0.23
9.424,-0.25
9.426,-0.14
9.428,-0.03
9.43,-0.03
9.432,-0.16
9.434,-0.25
9.436,-0.21
9.438,-0.1
9.44,-0.12
9.442,-0.16
9.444,-0.19
9.446,-0.21
9.448,-0.19
9.45,-0.1
9.452,-0.12
9.454,-0.19
9.456,-0.19
9.458,-0.21
9.46,-0.19
9.462,-0.14
9.464,-0.12
9.466,-0.14
9.468,-0.25
9.47,-0.25
9.472,-0.14
9.474,-0.12
9.476,-0.12
9.478,-0.23
9.48,-0.34
9.482,-0.21
9.484,-0.08
9.486,-0.1
9.488,-0.21
9.49,-0.32
9.492,-0.36
9.494,-0.19
9.496,-0.1
9.498,-0.14
9.5,-0.3
9.502,-0.36
9.504,-0.23
9.506,-0.1
9.508,-0.1
9.51,-0.23
9.512,-0.36
9.514,-0.34
9.516,-0.08
9.518,-0.01
9.52,-0.12
9.522,-0.25
9.524,-0.3
9.526,-0.19
9.528,-0.05
9.53,-0.08
9.532,-0.27
9.534,-0.34
9.536,-0.27
9.538,-0.1
9.54,-0.12
9.542,-0.14
9.544,-0.23
9.546,-0.27
9.548,-0.16
9.55,-0.08
9.552,-0.14
9.554,-0.23
9.556,-0.23
9.558,-0.25
9.56,-0.14
9.562,-0.12
9.564,-0.1
9.566,-0.14
9.568,-0.23
9.57,-0.23
9.572,-0.16
9.574,-0.1
9.576,-0.1
9.578,-0.16
9.58,-0.3
9.582,-0.19
9.584,-0.1
9.586,-0.05
9.588,-0.1
9.59,-0.23
9.592,-0.27
9.594,-0.1
9.596,-0.01
9.598,-0.08
9.6,-0.21
9.602,-0.25
9.604,-0.1
9.606,0.01
9.608,0.01
9.61,-0.14
9.612,-0.3
9.614,-0.23
9.616,-0.01
9.618,0.03
9.62,-0.12
9.622,-0.23
9.624,-0.23
9.626,-0.1
9.628,0.03
9.63,-0.08
9.632,-0.27
9.634,-0.3
9.636,-0.21
9.638,-0.08
9.64,-0.1
9.642,-0.19
9.644,-0.3
9.646,-0.3
9.648,-0.16
9.65,-0.12
9.652,-0.23
9.654,-0.27
9.656,-0.25
9.658,-0.27
9.66,-0.19
9.662,-0.19
9.664,-0.21
9.666,-0.21
9.668,-0.21
9.67,-0.21
9.672,-0.19
9.674,-0.16
9.676,-0.19
9.678,-0.25
9.68,-0.32
9.682,-0.25
9.684,-0.19
9.686,-0.14
9.688,-0.16
9.69,-0.34
9.692,-0.36
9.694,-0.19
9.696,-0.1
9.698,-0.19
9.7,-0.3
9.702,-0.41
9.704,-0.25
9.706,-0.1
9.708,-0.08
9.71,-0.25
9.712,-0.45
9.714,-0.32
9.716,-0.08
9.718,-0.05
9.72,-0.19
9.722,-0.34
9.724,-0.34
9.726,-0.1
9.728,-0.01
9.73,-0.14
9.732,-0.3
9.734,-0.34
9.736,-0.23
9.738,-0.1
9.74,-0.1
9.742,-0.19
9.744,-0.25
9.746,-0.23
9.748,-0.1
9.75,-0.1
9.752,-0.19
9.754,-0.21
9.756,-0.25
9.758,-0.23
9.76,-0.12
9.762,-0.14
9.764,-0.14
9.766,-0.1
9.768,-0.14
9.77,-0.14
9.772,-0.12
9.774,-0.1
9.776,-0.12
9.778,-0.19
9.78,-0.21
9.782,-0.12
9.784,-0.1
9.786,-0.05
9.788,-0.08
9.79,-0.21
9.792,-0.21
9.794,-0.08
9.796,-0.05
9.798,-0.12
9.8,-0.21
9.802,-0.3
9.804,-0.14
9.806,-0.01
9.808,0.01
9.81,-0.16
9.812,-0.27
9.814,-0.21
9.816,-0.01
9.818,-0.01
9.82,-0.1
9.822,-0.21
9.824,-0.3
9.826,-0.12
9.828,-0.03
9.83,-0.1
9.832,-0.21
9.834,-0.27
9.836,-0.23
9.838,-0.08
9.84,-0.08
9.842,-0.23
9.844,-0.27
9.846,-0.27
9.848,-0.19
9.85,-0.16
9.852,-0.21
9.854,-0.23
9.856,-0.27
9.858,-0.25
9.86,-0.19
9.862,-0.21
9.864,-0.25
9.866,-0.21
9.868,-0.27
9.87,-0.27
9.872,-0.19
9.874,-0.16
9.876,-0.21
9.878,-0.23
9.88,-0.25
9.882,-0.19
9.884,-0.12
9.886,-0.1
9.888,-0.14
9.89,-0.3
9.892,-0.25
9.894,-0.12
9.896,-0.05
9.898,-0.1
9.9,-0.23
9.902,-0.32
9.904,-0.14
9.906,0.01
9.908,-0.03
9.91,-0.21
9.912,-0.32
9.914,-0.27
9.916,-0.08
9.918,-0.01
9.92,-0.14
9.922,-0.3
9.924,-0.32
9.926,-0.12
9.928,-0.01
9.93,-0.12
9.932,-0.27
9.934,-0.32
9.936,-0.23
9.938,-0.03
9.94,-0.05
9.942,-0.23
9.944,-0.27
9.946,-0.25
9.948,-0.14
9.95,-0.12
9.952,-0.16
9.954,-0.25
9.956,-0.21
9.958,-0.1
9.96,-0.01
9.962,-0.1
9.964,-0.16
9.966,-0.14
9.968,-0.16
9.97,-0.1
9.972,-0.1
9.974,-0.12
9.976,-0.16
9.978,-0.16
9.98,-0.16
9.982,-0.14
9.984,-0.12
9.986,-0.1
9.988,-0.14
9.99,-0.25
9.992,-0.21
9.994,-0.14
9.996,-0.08
9.998,-0.1
10,-0.23
