0,-0.43
0.002,1.9
0.004,2.01
0.006,-0.85
0.008,-4.08
0.01,-1.11
0.012,1.55
0.014,3.46
0.016,-0.21
0.018,-3.02
0.02,-1.37
0.022,0.67
0.024,1.4
0.026,1.04
0.028,-0.93
0.03,-1.73
0.032,-2.1
0.034,-0.63
0.036,3.09
0.038,1.22
0.04,-1.46
0.042,-3.59
0.044,-0.98
0.046,2.34
0.048,2.78
0.05,-0.85
0.052,-3.68
0.054,-1
0.056,0.98
0.058,2.25
0.06,0.43
0.062,-1.55
0.064,-1.46
0.066,-1.55
0.068,-0.1
0.07,2.89
0.072,1.07
0.074,-1.48
0.076,-2.96
0.078,-1.22
0.08,3.11
0.082,2.14
0.084,-0.93
0.086,-2.98
0.088,-0.93
0.09,1.31
0.092,1.51
0.094,-0.14
0.096,-1.53
0.098,-0.85
0.1,-1.18
0.102,0.32
0.104,1.86
0.106,0.27
0.108,-0.76
0.11,-2.16
0.112,-0.58
0.114,2.78
0.116,1.22
0.118,-1.35
0.12,-2.25
0.122,-0.52
0.124,1.92
0.126,0.6
0.128,-0.98
0.13,-0.87
0.132,-0.36
0.134,-0.56
0.136,-0.45
0.138,0.82
0.14,-0.23
0.142,0.03
0.144,-1.15
0.146,-0.41
0.148,1.46
0.15,0.19
0.152,-0.93
0.154,-1.31
0.156,0.23
0.158,1.4
0.16,-0.69
0.162,-1.77
0.164,-0.01
0.166,0.58
0.168,0.41
0.17,-1.33
0.172,-0.65
0.174,0.19
0.176,0.38
0.178,-0.27
0.18,-0.52
0.182,0.36
0.184,-0.54
0.186,-0.56
0.188,-0.54
0.19,0.36
0.192,0.87
0.194,-1.68
0.196,-1.57
0.198,0.67
0.2,1.46
0.202,0.63
0.204,-2.08
0.206,-1.66
0.208,0.6
0.21,1.46
0.212,0.63
0.214,-0.63
0.216,-0.82
0.218,-0.52
0.22,-0.6
0.222,0.71
0.224,0.98
0.226,0.12
0.228,-2.49
0.23,-1.9
0.232,1.2
0.234,1.9
0.236,0.98
0.238,-2.93
0.24,-1.92
0.242,0.69
0.244,2.1
0.246,1.15
0.248,-1.37
0.25,-1.55
0.252,-0.27
0.254,0.03
0.256,0.89
0.258,1.09
0.26,-1.02
0.262,-2.34
0.264,-1.62
0.266,2.21
0.268,2.47
0.27,0.16
0.272,-3.26
0.274,-2.38
0.276,1.26
0.278,1.95
0.28,1.33
0.282,-2.01
0.284,-1.7
0.286,-0.38
0.288,0.16
0.29,1.15
0.292,0.58
0.294,-0.91
0.296,-2.34
0.298,-1.51
0.3,1.7
0.302,2.69
0.304,-0.16
0.306,-2.58
0.308,-2.21
0.31,1.46
0.312,2.27
0.314,0.34
0.316,-1.66
0.318,-1.73
0.32,0.12
0.322,0.1
0.324,1.13
0.326,-0.12
0.328,-0.98
0.33,-1.77
0.332,-1.35
0.334,2.08
0.336,1.73
0.338,-0.1
0.34,-2.41
0.342,-1.73
0.344,1.26
0.346,2.19
0.348,-0.49
0.35,-1.57
0.352,-0.93
0.354,0.36
0.356,0.34
0.358,-0.3
0.36,0.27
0.362,-0.71
0.364,-0.65
0.366,-1.26
0.368,1.07
0.37,0.58
0.372,-0.14
0.374,-1.26
0.376,-1.46
0.378,1.4
0.38,0.58
0.382,-0.93
0.384,-1.44
0.386,-0.19
0.388,0.71
0.39,0.14
0.392,-1.57
0.394,0.08
0.396,0.23
0.398,-0.3
0.4,-0.41
0.402,-0.14
0.404,0.63
0.406,0.01
0.408,-0.23
0.41,-0.63
0.412,1.09
0.414,-0.03
0.416,-1.37
0.418,-0.67
0.42,0.23
0.422,1.59
0.424,-0.6
0.426,-2.14
0.428,-0.12
0.43,1.09
0.432,0.91
0.434,-0.49
0.436,-1.57
0.438,-0.27
0.44,0.27
0.442,0.08
0.444,0.71
0.446,0.27
0.448,-0.74
0.45,-2.01
0.452,-0.36
0.454,1.51
0.456,1.55
0.458,-1.18
0.46,-2.87
0.462,-0.1
0.464,1.35
0.466,2.03
0.468,-0.74
0.47,-2.43
0.472,-0.47
0.474,0.6
0.476,0.96
0.478,0.6
0.48,-0.6
0.482,-1.15
0.484,-1.77
0.486,-0.32
0.488,2.3
0.49,1.13
0.492,-1.84
0.494,-2.82
0.496,0.01
0.498,2.25
0.5,1.95
0.502,-0.91
0.504,-2.91
0.506,-0.6
0.508,0.76
0.51,1.26
0.512,0.74
0.514,-1.18
0.516,-1
0.518,-1.81
0.52,0.01
0.522,2.25
0.524,0.8
0.526,-1.57
0.528,-2.93
0.53,-0.16
0.532,2.34
0.534,1.92
0.536,-1.44
0.538,-2.43
0.54,-0.85
0.542,1.09
0.544,1.07
0.546,0.12
0.548,-1.11
0.55,-1.02
0.552,-1
0.554,-0.23
0.556,2.1
0.558,-0.19
0.56,-1.11
0.562,-2.34
0.564,0.01
0.566,2.38
0.568,1
0.57,-1.4
0.572,-2.34
0.574,-0.1
0.576,0.85
0.578,0.54
0.58,-0.89
0.582,-0.63
0.584,-0.67
0.586,-0.49
0.588,-0.19
0.59,0.89
0.592,0.08
0.594,-0.89
0.596,-1.02
0.598,-0.43
0.6,1.84
0.602,0.16
0.604,-1.09
0.606,-1.24
0.608,0.41
0.61,1.35
0.612,-0.89
0.614,-1.02
0.616,-0.32
0.618,0.76
0.62,-0.01
0.622,-0.69
0.624,-0.14
0.626,0.01
0.628,-0.12
0.63,-0.36
0.632,0.08
0.634,0.32
0.636,-0.12
0.638,-1.29
0.64,-0.25
0.642,0.58
0.644,0.96
0.646,-1.64
0.648,-1.81
0.65,0.38
0.652,1.09
0.654,0.89
0.656,-1.66
0.658,-0.87
0.66,-0.01
0.662,0.85
0.664,0.43
0.666,-0.32
0.668,-0.41
0.67,-0.87
0.672,-0.65
0.674,0.63
0.676,1.46
0.678,0.05
0.68,-2.16
0.682,-2.19
0.684,1.15
0.686,1.99
0.688,0.74
0.69,-2.03
0.692,-1.84
0.694,0.56
0.696,1.24
0.698,1.04
0.7,-0.87
0.702,-1.11
0.704,-0.8
0.706,-0.52
0.708,1.15
0.71,1.29
0.712,-0.23
0.714,-2.23
0.716,-1.95
0.718,1.22
0.72,2.16
0.722,0.56
0.724,-2.03
0.726,-1.86
0.728,0.65
0.73,1.66
0.732,0.69
0.734,-1.02
0.736,-1.33
0.738,-0.74
0.74,-0.56
0.742,1.02
0.744,1.24
0.746,-0.71
0.748,-1.99
0.75,-2.08
0.752,1.33
0.754,1.97
0.756,0.08
0.758,-1.92
0.76,-2.14
0.762,0.6
0.764,1.53
0.766,0.49
0.768,-1.29
0.77,-1.26
0.772,-0.54
0.774,-0.19
0.776,0.6
0.778,0.74
0.78,-0.45
0.782,-1.59
0.784,-1.44
0.786,1.09
0.788,1.68
0.79,-0.41
0.792,-1.31
0.794,-1.48
0.796,1
0.798,1.37
0.8,-0.6
0.802,-0.96
0.804,-0.78
0.806,0.12
0.808,-0.21
0.81,-0.12
0.812,0.05
0.814,0.03
0.816,-0.56
0.818,-0.93
0.82,0.74
0.822,0.76
0.824,-0.23
0.826,-0.96
0.828,-0.76
0.83,0.82
0.832,0.91
0.834,-1.26
0.836,-0.69
0.838,0.08
0.84,0.6
0.842,-0.01
0.844,-1.24
0.846,0.01
0.848,0.32
0.85,0.25
0.852,-0.36
0.854,-0.05
0.856,-0.03
0.858,-0.34
0.86,-0.65
0.862,-0.1
0.864,0.96
0.866,0.03
0.868,-1.79
0.87,-0.89
0.872,0.8
0.874,1.11
0.876,-0.21
0.878,-2.19
0.88,-0.47
0.882,0.47
0.884,1.04
0.886,0.32
0.888,-0.85
0.89,-0.56
0.892,-0.36
0.894,-0.19
0.896,0.56
0.898,0.69
0.9,-0.65
0.902,-1.9
0.904,-1.11
0.906,1.55
0.908,1.51
0.91,-0.45
0.912,-2.6
0.914,-0.69
0.916,0.93
0.918,1.18
0.92,0.38
0.922,-1.55
0.924,-0.87
0.926,-0.54
0.928,0.1
0.93,0.78
0.932,0.34
0.934,-1.04
0.936,-2.01
0.938,-0.91
0.94,1.57
0.942,1.66
0.944,-0.74
0.946,-2.41
0.948,-1.33
0.95,1.22
0.952,1.42
0.954,0.23
0.956,-1.48
0.958,-1.18
0.96,-0.12
0.962,-0.19
0.964,1.09
0.966,0.08
0.968,-0.93
0.97,-1.92
0.972,-0.89
0.974,1.73
0.976,1.37
0.978,-0.67
0.98,-2.34
0.982,-0.85
0.984,1.15
0.986,1.44
0.988,-0.43
0.99,-1.31
0.992,-0.8
0.994,0.34
0.996,0.12
0.998,0.38
1,0.19
1.002,-0.82
1.004,-0.76
1.006,-0.63
1.008,1.55
1.01,0.89
1.012,-0.45
1.014,-1.22
1.016,-0.56
1.018,1.42
1.02,0.87
1.022,-0.76
1.024,-1.09
1.026,0.03
1.028,0.69
1.03,-0.16
1.032,-0.36
1.034,0.08
1.036,-0.16
1.038,-0.41
1.04,-0.54
1.042,0.54
1.044,0.34
1.046,-0.47
1.048,-0.67
1.05,-0.1
1.052,0.78
1.054,0.1
1.056,-1.48
1.058,-0.76
1.06,0.27
1.062,0.91
1.064,-0.47
1.066,-1.51
1.068,0.03
1.07,0.12
1.072,0.52
1.074,-0.58
1.076,-0.34
1.078,-0.38
1.08,-0.38
1.082,-0.01
1.084,0.3
1.086,0.63
1.088,-0.8
1.09,-1.7
1.092,-0.71
1.094,1.24
1.096,0.82
1.098,-0.93
1.1,-2.23
1.102,-0.19
1.104,0.96
1.106,0.82
1.108,-0.41
1.11,-1.62
1.112,-0.45
1.114,-0.41
1.116,0.58
1.118,0.49
1.12,-0.12
1.122,-1.15
1.124,-1.9
1.126,-0.01
1.128,1.4
1.13,0.89
1.132,-1.42
1.134,-2.21
1.136,-0.3
1.138,1.55
1.14,1.11
1.142,-0.63
1.144,-1.59
1.146,-0.69
1.148,0.3
1.15,0.34
1.152,0.69
1.154,-0.38
1.156,-0.87
1.158,-1.9
1.16,0.01
1.162,1.92
1.164,0.58
1.166,-0.98
1.168,-2.23
1.17,-0.03
1.172,1.53
1.174,1.24
1.176,-0.67
1.178,-1.48
1.18,-0.63
1.182,0.41
1.184,0.52
1.186,0.23
1.188,-0.16
1.19,-0.74
1.192,-1.07
1.194,-0.05
1.196,1.68
1.198,0.34
1.2,-0.89
1.202,-1.73
1.204,-0.05
1.206,1.68
1.208,0.56
1.21,-0.67
1.212,-1.15
1.214,-0.19
1.216,0.6
1.218,-0.1
1.22,-0.32
1.222,-0.16
1.224,-0.34
1.226,-0.74
1.228,-0.27
1.23,0.91
1.232,0.19
1.234,-0.6
1.236,-1.11
1.238,-0.05
1.24,1.07
1.242,0.12
1.244,-0.89
1.246,-0.74
1.248,0.03
1.25,0.54
1.252,-0.65
1.254,-0.85
1.256,0.01
1.258,-0.05
1.26,-0.03
1.262,-0.58
1.264,0.14
1.266,0.01
1.268,-0.49
1.27,-0.52
1.272,0.05
1.274,0.67
1.276,-0.63
1.278,-1.26
1.28,-0.43
1.282,0.76
1.284,0.69
1.286,-1.18
1.288,-1.51
1.29,0.08
1.292,0.58
1.294,0.52
1.296,-0.54
1.298,-0.8
1.3,-0.27
1.302,-0.14
1.304,0.34
1.306,0.32
1.308,-0.01
1.31,-1
1.312,-1.42
1.314,0.12
1.316,1.35
1.318,0.65
1.32,-1.62
1.322,-1.86
1.324,0.25
1.326,1.18
1.328,0.74
1.33,-0.85
1.332,-1.42
1.334,-0.19
1.336,0.19
1.338,0.56
1.34,0.36
1.342,-0.54
1.344,-1.09
1.346,-1.48
1.348,0.38
1.35,1.53
1.352,0.54
1.354,-1.7
1.356,-1.88
1.358,0.38
1.36,1.48
1.362,0.91
1.364,-0.93
1.366,-1.44
1.368,-0.45
1.37,0.63
1.372,0.65
1.374,0.43
1.376,-0.76
1.378,-0.89
1.38,-1.15
1.382,0.34
1.384,1.7
1.386,0.12
1.388,-1.26
1.39,-1.86
1.392,0.6
1.394,1.53
1.396,0.65
1.398,-1.18
1.4,-1.35
1.402,0.05
1.404,0.65
1.406,0.36
1.408,-0.23
1.41,-0.54
1.412,-0.89
1.414,-0.63
1.416,0.08
1.418,1.09
1.42,-0.1
1.422,-1.02
1.424,-1.07
1.426,0.3
1.428,1.26
1.43,-0.19
1.432,-1
1.434,-1.09
1.436,0.23
1.438,0.6
1.44,-0.56
1.442,-0.49
1.444,-0.32
1.446,-0.14
1.448,-0.45
1.45,-0.32
1.452,0.36
1.454,-0.12
1.456,-0.69
1.458,-0.65
1.46,0.23
1.462,0.63
1.464,-0.32
1.466,-1.15
1.468,-0.41
1.47,0.54
1.472,0.41
1.474,-1.15
1.476,-0.98
1.478,0.1
1.48,0.27
1.482,0.21
1.484,-0.78
1.486,-0.16
1.488,-0.21
1.49,-0.12
1.492,0.23
1.494,0.1
1.496,0.23
1.498,-0.85
1.5,-0.96
1.502,0.08
1.504,1.02
1.506,0.34
1.508,-1.51
1.51,-1.33
1.512,0.45
1.514,1.13
1.516,0.21
1.518,-0.93
1.52,-0.91
1.522,-0.08
1.524,0.14
1.526,0.56
1.528,0.05
1.53,-0.41
1.532,-0.89
1.534,-1.15
1.536,0.76
1.538,0.98
1.54,0.12
1.542,-1.81
1.544,-1.42
1.546,0.63
1.548,1.26
1.55,0.43
1.552,-1.29
1.554,-1.04
1.556,-0.25
1.558,0.58
1.56,0.38
1.562,0.03
1.564,-0.67
1.566,-0.85
1.568,-0.98
1.57,0.63
1.572,1.26
1.574,-0.16
1.576,-1.42
1.578,-1.81
1.58,0.85
1.582,1.37
1.584,0.41
1.586,-1.11
1.588,-1.18
1.59,-0.03
1.592,0.49
1.594,0.43
1.596,-0.19
1.598,-0.56
1.6,-0.96
1.602,-0.82
1.604,0.52
1.606,1.15
1.608,-0.32
1.61,-1.26
1.612,-1.31
1.614,0.65
1.616,1.35
1.618,-0.03
1.62,-1.07
1.622,-1.15
1.624,0.25
1.626,0.6
1.628,-0.21
1.63,-0.45
1.632,-0.43
1.634,-0.36
1.636,-0.54
1.638,0.08
1.64,0.63
1.642,-0.23
1.644,-0.82
1.646,-0.8
1.648,0.54
1.65,0.82
1.652,-0.45
1.654,-0.82
1.656,-0.54
1.658,0.49
1.66,0.49
1.662,-0.82
1.664,-0.6
1.666,-0.1
1.668,0.05
1.67,-0.21
1.672,-0.45
1.674,0.14
1.676,-0.14
1.678,-0.34
1.68,-0.12
1.682,0.34
1.684,0.19
1.686,-0.69
1.688,-0.85
1.69,-0.01
1.692,0.89
1.694,0.3
1.696,-1.37
1.698,-0.89
1.7,0.32
1.702,0.74
1.704,0.16
1.706,-1
1.708,-0.41
1.71,-0.01
1.712,0.1
1.714,0.43
1.716,0.12
1.718,-0.34
1.72,-1.04
1.722,-0.74
1.724,0.63
1.726,0.91
1.728,-0.1
1.73,-1.86
1.732,-1.07
1.734,0.63
1.736,1.04
1.738,0.01
1.74,-1.37
1.742,-0.96
1.744,-0.01
1.746,0.49
1.748,0.34
1.75,-0.19
1.752,-0.85
1.754,-0.8
1.756,-0.82
1.758,0.76
1.76,0.89
1.762,-0.3
1.764,-1.7
1.766,-1.18
1.768,1.09
1.77,1.02
1.772,0.3
1.774,-1.44
1.776,-0.78
1.778,0.19
1.78,0.67
1.782,0.43
1.784,-0.21
1.786,-0.63
1.788,-0.89
1.79,-0.43
1.792,0.52
1.794,1.02
1.796,-0.56
1.798,-1.35
1.8,-1.11
1.802,0.91
1.804,1.04
1.806,-0.19
1.808,-1.15
1.81,-1.15
1.812,0.41
1.814,0.34
1.816,0.03
1.818,-0.63
1.82,-0.58
1.822,-0.45
1.824,-0.6
1.826,0.32
1.828,0.47
1.83,-0.47
1.832,-1.22
1.834,-0.69
1.836,0.65
1.838,0.76
1.84,-0.43
1.842,-0.91
1.844,-0.45
1.846,0.36
1.848,0.32
1.85,-0.67
1.852,-0.41
1.854,-0.25
1.856,-0.01
1.858,-0.38
1.86,-0.21
1.862,0.27
1.864,-0.32
1.866,-0.45
1.868,-0.49
1.87,0.45
1.872,0.32
1.874,-0.56
1.876,-0.74
1.878,-0.19
1.88,0.58
1.882,0.1
1.884,-0.96
1.886,-0.67
1.888,0.27
1.89,0.43
1.892,-0.21
1.894,-0.65
1.896,-0.12
1.898,-0.21
1.9,-0.14
1.902,0.19
1.904,0.19
1.906,0.01
1.908,-0.91
1.91,-0.67
1.912,0.49
1.914,0.71
1.916,-0.12
1.918,-1.59
1.92,-0.78
1.922,0.54
1.924,1
1.926,-0.05
1.928,-1.13
1.93,-0.65
1.932,-0.1
1.934,0.54
1.936,0.3
1.938,-0.14
1.94,-0.67
1.942,-0.91
1.944,-0.56
1.946,0.93
1.948,0.74
1.95,-0.45
1.952,-1.7
1.954,-0.98
1.956,1.13
1.958,0.91
1.96,-0.08
1.962,-1.35
1.964,-0.54
1.966,0.16
1.968,0.74
1.97,0.41
1.972,-0.32
1.974,-0.63
1.976,-0.89
1.978,-0.3
1.98,0.8
1.982,0.85
1.984,-0.52
1.986,-1.37
1.988,-0.91
1.99,1.09
1.992,0.87
1.994,-0.19
1.996,-1.22
1.998,-0.96
2,0.34
2.002,0.43
2.004,0.16
2.006,-0.49
2.008,-0.65
2.01,-0.74
2.012,-0.41
2.014,0.47
2.016,0.52
2.018,-0.58
2.02,-1.46
2.022,-0.71
2.024,0.87
2.026,0.76
2.028,-0.56
2.03,-1.07
2.032,-0.63
2.034,0.54
2.036,0.36
2.038,-0.41
2.04,-0.6
2.042,-0.63
2.044,-0.16
2.046,-0.43
2.048,0.03
2.05,0.1
2.052,-0.49
2.054,-0.74
2.056,-0.41
2.058,0.52
2.06,0.1
2.062,-0.58
2.064,-0.82
2.066,-0.14
2.068,0.47
2.07,-0.05
2.072,-0.96
2.074,-0.41
2.076,0.1
2.078,0.14
2.08,-0.25
2.082,-0.54
2.084,0.19
2.086,-0.16
2.088,-0.23
2.09,-0.08
2.092,0.34
2.094,0.08
2.096,-0.69
2.098,-0.43
2.1,0.19
2.102,0.69
2.104,-0.16
2.106,-1.15
2.108,-0.43
2.11,0.36
2.112,0.67
2.114,-0.23
2.116,-0.85
2.118,-0.41
2.12,-0.1
2.122,0.21
2.124,0.32
2.126,-0.05
2.128,-0.47
2.13,-0.71
2.132,-0.52
2.134,0.76
2.136,0.54
2.138,-0.45
2.14,-1.68
2.142,-0.56
2.144,0.93
2.146,0.76
2.148,-0.19
2.15,-1.31
2.152,-0.3
2.154,0.05
2.156,0.65
2.158,0.25
2.16,-0.23
2.162,-0.6
2.164,-0.71
2.166,-0.08
2.168,0.67
2.17,0.6
2.172,-0.67
2.174,-1.31
2.176,-0.78
2.178,1.07
2.18,0.71
2.182,-0.23
2.184,-1.15
2.186,-0.74
2.188,0.23
2.19,0.3
2.192,0.25
2.194,-0.56
2.196,-0.63
2.198,-0.78
2.2,-0.32
2.202,0.6
2.204,0.49
2.206,-0.67
2.208,-1.57
2.21,-0.6
2.212,0.89
2.214,0.78
2.216,-0.45
2.218,-1.11
2.22,-0.65
2.222,0.43
2.224,0.41
2.226,-0.14
2.228,-0.49
2.23,-0.76
2.232,-0.3
2.234,-0.3
2.236,0.32
2.238,0.1
2.24,-0.67
2.242,-0.85
2.244,-0.38
2.246,0.76
2.248,0.25
2.25,-0.65
2.252,-0.91
2.254,-0.16
2.256,0.49
2.258,0.05
2.26,-0.69
2.262,-0.56
2.264,-0.05
2.266,0.1
2.268,-0.34
2.27,-0.25
2.272,0.14
2.274,-0.34
2.276,-0.25
2.278,-0.1
2.28,0.34
2.282,0.03
2.284,-0.71
2.286,-0.45
2.288,0.16
2.29,0.54
2.292,-0.19
2.294,-0.93
2.296,-0.43
2.298,0.14
2.3,0.32
2.302,-0.36
2.304,-0.63
2.306,-0.27
2.308,-0.21
2.31,0.05
2.312,0.08
2.314,0.01
2.316,-0.32
2.318,-0.8
2.32,-0.43
2.322,0.6
2.324,0.47
2.326,-0.38
2.328,-1.46
2.33,-0.54
2.332,0.71
2.334,0.67
2.336,-0.36
2.338,-1.04
2.34,-0.25
2.342,-0.01
2.344,0.6
2.346,0.21
2.348,-0.27
2.35,-0.67
2.352,-0.74
2.354,-0.08
2.356,0.78
2.358,0.41
2.36,-0.69
2.362,-1.26
2.364,-0.49
2.366,1.13
2.368,0.54
2.37,-0.32
2.372,-1.2
2.374,-0.52
2.376,0.3
2.378,0.47
2.38,0.19
2.382,-0.45
2.384,-0.43
2.386,-0.69
2.388,0.03
2.39,0.58
2.392,0.38
2.394,-0.56
2.396,-1.35
2.398,-0.41
2.4,1
2.402,0.67
2.404,-0.43
2.406,-0.91
2.408,-0.58
2.41,0.43
2.412,0.34
2.414,0.08
2.416,-0.36
2.418,-0.76
2.42,-0.38
2.422,-0.21
2.424,0.49
2.426,0.12
2.428,-0.67
2.43,-1.15
2.432,-0.32
2.434,0.85
2.436,0.23
2.438,-0.49
2.44,-1.11
2.442,-0.27
2.444,0.52
2.446,0.12
2.448,-0.58
2.45,-0.56
2.452,-0.32
2.454,-0.03
2.456,-0.12
2.458,-0.14
2.46,0.08
2.462,-0.56
2.464,-0.47
2.466,-0.05
2.468,0.52
2.47,-0.01
2.472,-0.74
2.474,-0.47
2.476,0.03
2.478,0.56
2.48,-0.27
2.482,-0.76
2.484,-0.38
2.486,0.05
2.488,0.3
2.49,-0.41
2.492,-0.47
2.494,-0.19
2.496,-0.25
2.498,-0.16
2.5,0.05
2.502,0.05
2.504,-0.23
2.506,-0.63
2.508,-0.49
2.51,0.36
2.512,0.36
2.514,-0.36
2.516,-1.31
2.518,-0.43
2.52,0.36
2.522,0.43
2.524,-0.36
2.526,-0.91
2.528,-0.21
2.53,-0.21
2.532,0.36
2.534,0.12
2.536,-0.16
2.538,-0.67
2.54,-0.8
2.542,-0.12
2.544,0.67
2.546,0.32
2.548,-0.74
2.55,-1.24
2.552,-0.47
2.554,0.91
2.556,0.45
2.558,-0.52
2.56,-1.2
2.562,-0.32
2.564,0.21
2.566,0.47
2.568,0.12
2.57,-0.6
2.572,-0.49
2.574,-0.67
2.576,-0.01
2.578,0.54
2.58,0.21
2.582,-0.71
2.584,-1.29
2.586,-0.36
2.588,0.85
2.59,0.43
2.592,-0.56
2.594,-0.93
2.596,-0.47
2.598,0.34
2.6,0.3
2.602,0.03
2.604,-0.43
2.606,-0.65
2.608,-0.54
2.61,-0.16
2.612,0.52
2.614,0.08
2.616,-0.58
2.618,-1.13
2.62,-0.36
2.622,0.78
2.624,0.32
2.626,-0.47
2.628,-1
2.63,-0.36
2.632,0.34
2.634,0.25
2.636,-0.3
2.638,-0.52
2.64,-0.45
2.642,-0.16
2.644,-0.12
2.646,0.16
2.648,0.12
2.65,-0.67
2.652,-0.56
2.654,-0.03
2.656,0.69
2.658,0.05
2.66,-0.67
2.662,-0.52
2.664,0.05
2.666,0.6
2.668,-0.16
2.67,-0.56
2.672,-0.36
2.674,0.08
2.676,0.23
2.678,-0.27
2.68,-0.25
2.682,-0.19
2.684,-0.21
2.686,-0.16
2.688,0.05
2.69,0.21
2.692,-0.08
2.694,-0.63
2.696,-0.34
2.698,0.3
2.7,0.3
2.702,-0.27
2.704,-1.07
2.706,-0.27
2.708,0.21
2.71,0.36
2.712,-0.45
2.714,-0.63
2.716,-0.14
2.718,-0.3
2.72,0.21
2.722,0.1
2.724,0.08
2.726,-0.56
2.728,-0.69
2.73,-0.21
2.732,0.58
2.734,0.32
2.736,-0.65
2.738,-1.15
2.74,-0.43
2.742,0.78
2.744,0.43
2.746,-0.3
2.748,-1.02
2.75,-0.32
2.752,0.08
2.754,0.45
2.756,0.19
2.758,-0.41
2.76,-0.49
2.762,-0.76
2.764,0.16
2.766,0.6
2.768,0.19
2.77,-0.74
2.772,-1.26
2.774,-0.23
2.776,0.89
2.778,0.41
2.78,-0.71
2.782,-0.96
2.784,-0.36
2.786,0.34
2.788,0.32
2.79,-0.01
2.792,-0.45
2.794,-0.6
2.796,-0.38
2.798,-0.01
2.8,0.52
2.802,-0.01
2.804,-0.6
2.806,-1.07
2.808,-0.21
2.81,0.76
2.812,0.16
2.814,-0.38
2.816,-0.91
2.818,-0.3
2.82,0.36
2.822,0.21
2.824,-0.21
2.826,-0.43
2.828,-0.54
2.83,-0.36
2.832,-0.03
2.834,0.27
2.836,0.16
2.838,-0.63
2.84,-0.78
2.842,-0.1
2.844,0.71
2.846,0.12
2.848,-0.6
2.85,-0.65
2.852,-0.1
2.854,0.52
2.856,-0.05
2.858,-0.36
2.86,-0.47
2.862,-0.27
2.864,0.05
2.866,-0.19
2.868,-0.08
2.87,-0.19
2.872,-0.45
2.874,-0.36
2.876,0.08
2.878,0.19
2.88,-0.23
2.882,-0.65
2.884,-0.41
2.886,0.21
2.888,0.27
2.89,-0.38
2.892,-1
2.894,-0.32
2.896,-0.01
2.898,0.16
2.9,-0.56
2.902,-0.58
2.904,-0.21
2.906,-0.36
2.908,-0.01
2.91,-0.1
2.912,-0.01
2.914,-0.6
2.916,-0.71
2.918,-0.32
2.92,0.38
2.922,0.16
2.924,-0.58
2.926,-1.02
2.928,-0.45
2.93,0.47
2.932,0.3
2.934,-0.34
2.936,-0.89
2.938,-0.27
2.94,-0.16
2.942,0.38
2.944,0.19
2.946,-0.34
2.948,-0.47
2.95,-0.71
2.952,0.03
2.954,0.56
2.956,0.25
2.958,-0.67
2.96,-1.11
2.962,-0.21
2.964,0.8
2.966,0.43
2.968,-0.58
2.97,-0.89
2.972,-0.45
2.974,0.19
2.976,0.36
2.978,0.12
2.98,-0.43
2.982,-0.63
2.984,-0.49
2.986,0.12
2.988,0.67
2.99,-0.1
2.992,-0.63
2.994,-1.02
2.996,-0.1
2.998,0.87
3,0.25
3.002,-0.41
3.004,-0.82
3.006,-0.14
3.008,0.3
3.01,0.32
3.012,-0.16
3.014,-0.49
3.016,-0.47
3.018,-0.36
3.02,-0.05
3.022,0.23
3.024,0.05
3.026,-0.71
3.028,-0.8
3.03,-0.14
3.032,0.65
3.034,0.05
3.036,-0.6
3.038,-0.71
3.04,-0.25
3.042,0.41
3.044,-0.03
3.046,-0.23
3.048,-0.45
3.05,-0.32
3.052,-0.05
3.054,-0.08
3.056,0.1
3.058,-0.23
3.06,-0.45
3.062,-0.43
3.064,0.1
3.066,0.36
3.068,-0.1
3.07,-0.63
3.072,-0.43
3.074,0.19
3.076,0.32
3.078,-0.14
3.08,-0.74
3.082,-0.32
3.084,-0.08
3.086,0.19
3.088,-0.38
3.09,-0.34
3.092,-0.16
3.094,-0.41
3.096,-0.05
3.098,-0.05
3.1,0.1
3.102,-0.49
3.104,-0.58
3.106,-0.25
3.108,0.3
3.11,0.12
3.112,-0.54
3.114,-0.87
3.116,-0.34
3.118,0.25
3.12,0.12
3.122,-0.3
3.124,-0.71
3.126,-0.23
3.128,-0.14
3.13,0.23
3.132,0.08
3.134,-0.23
3.136,-0.52
3.138,-0.71
3.14,0.01
3.142,0.49
3.144,0.25
3.146,-0.58
3.148,-1.02
3.15,-0.25
3.152,0.63
3.154,0.43
3.156,-0.49
3.158,-0.8
3.16,-0.36
3.162,0.1
3.164,0.41
3.166,0.16
3.168,-0.38
3.17,-0.65
3.172,-0.49
3.174,0.12
3.176,0.6
3.178,-0.1
3.18,-0.71
3.182,-1.04
3.184,-0.05
3.186,0.78
3.188,0.19
3.19,-0.43
3.192,-0.91
3.194,-0.23
3.196,0.3
3.198,0.34
3.2,-0.16
3.202,-0.45
3.204,-0.54
3.206,-0.34
3.208,0.1
3.21,0.25
3.212,-0.01
3.214,-0.67
3.216,-0.76
3.218,-0.1
3.22,0.71
3.222,0.08
3.224,-0.49
3.226,-0.65
3.228,-0.21
3.23,0.34
3.232,0.01
3.234,-0.05
3.236,-0.47
3.238,-0.36
3.24,-0.12
3.242,0.01
3.244,0.23
3.246,-0.16
3.248,-0.54
3.25,-0.56
3.252,0.12
3.254,0.36
3.256,-0.05
3.258,-0.63
3.26,-0.54
3.262,0.08
3.264,0.34
3.266,-0.1
3.268,-0.65
3.27,-0.34
3.272,-0.19
3.274,0.16
3.276,-0.32
3.278,-0.25
3.28,-0.3
3.282,-0.47
3.284,-0.08
3.286,0.01
3.288,0.25
3.29,-0.45
3.292,-0.6
3.294,-0.27
3.296,0.3
3.298,0.12
3.3,-0.45
3.302,-0.76
3.304,-0.41
3.306,0.16
3.308,0.08
3.31,-0.34
3.312,-0.56
3.314,-0.21
3.316,-0.27
3.318,0.12
3.32,0.05
3.322,-0.21
3.324,-0.38
3.326,-0.63
3.328,-0.08
3.33,0.34
3.332,0.21
3.334,-0.47
3.336,-0.85
3.338,-0.21
3.34,0.41
3.342,0.34
3.344,-0.38
3.346,-0.58
3.348,-0.34
3.35,-0.08
3.352,0.27
3.354,0.19
3.356,-0.14
3.358,-0.54
3.36,-0.56
3.362,0.08
3.364,0.63
3.366,-0.03
3.368,-0.6
3.37,-1
3.372,-0.27
3.374,0.6
3.376,0.21
3.378,-0.36
3.38,-0.8
3.382,-0.25
3.384,0.1
3.386,0.41
3.388,-0.05
3.39,-0.52
3.392,-0.6
3.394,-0.43
3.396,0.12
3.398,0.27
3.4,-0.05
3.402,-0.76
3.404,-0.8
3.406,-0.05
3.408,0.67
3.41,0.01
3.412,-0.52
3.414,-0.67
3.416,-0.25
3.418,0.27
3.42,-0.01
3.422,-0.12
3.424,-0.45
3.426,-0.43
3.428,-0.3
3.43,-0.01
3.432,0.21
3.434,-0.16
3.436,-0.49
3.438,-0.65
3.44,0.01
3.442,0.36
3.444,-0.01
3.446,-0.52
3.448,-0.52
3.45,-0.05
3.452,0.23
3.454,0.01
3.456,-0.43
3.458,-0.36
3.46,-0.3
3.462,0.1
3.464,-0.21
3.466,-0.08
3.468,-0.23
3.47,-0.49
3.472,-0.19
3.474,0.05
3.476,0.27
3.478,-0.41
3.48,-0.49
3.482,-0.3
3.484,0.25
3.486,0.21
3.488,-0.41
3.49,-0.67
3.492,-0.34
3.494,0.03
3.496,0.03
3.498,-0.21
3.5,-0.47
3.502,-0.27
3.504,-0.25
3.506,0.1
3.508,0.08
3.51,-0.14
3.512,-0.47
3.514,-0.6
3.516,-0.01
3.518,0.27
3.52,0.14
3.522,-0.47
3.524,-0.78
3.526,-0.16
3.528,0.32
3.53,0.32
3.532,-0.41
3.534,-0.54
3.536,-0.27
3.538,-0.1
3.54,0.21
3.542,0.19
3.544,-0.14
3.546,-0.56
3.548,-0.52
3.55,-0.05
3.552,0.49
3.554,0.01
3.556,-0.52
3.558,-0.89
3.56,-0.21
3.562,0.47
3.564,0.21
3.566,-0.21
3.568,-0.76
3.57,-0.34
3.572,-0.03
3.574,0.41
3.576,0.05
3.578,-0.36
3.58,-0.63
3.582,-0.52
3.584,0.19
3.586,0.32
3.588,-0.05
3.59,-0.74
3.592,-0.82
3.594,-0.12
3.596,0.63
3.598,0.08
3.6,-0.52
3.602,-0.67
3.604,-0.23
3.606,0.25
3.608,0.05
3.61,-0.08
3.612,-0.54
3.614,-0.52
3.616,-0.25
3.618,0.05
3.62,0.25
3.622,-0.16
3.624,-0.52
3.626,-0.58
3.628,0.1
3.63,0.3
3.632,-0.05
3.634,-0.47
3.636,-0.56
3.638,-0.1
3.64,0.19
3.642,0.03
3.644,-0.27
3.646,-0.34
3.648,-0.36
3.65,-0.01
3.652,-0.14
3.654,-0.01
3.656,-0.23
3.658,-0.56
3.66,-0.34
3.662,-0.01
3.664,0.34
3.666,-0.25
3.668,-0.54
3.67,-0.38
3.672,0.16
3.674,0.19
3.676,-0.27
3.678,-0.56
3.68,-0.47
3.682,-0.05
3.684,0.1
3.686,-0.16
3.688,-0.36
3.69,-0.36
3.692,-0.41
3.694,0.03
3.696,0.12
3.698,-0.16
3.7,-0.47
3.702,-0.58
3.704,-0.1
3.706,0.16
3.708,0.05
3.71,-0.52
3.712,-0.76
3.714,-0.23
3.716,0.16
3.718,0.21
3.72,-0.41
3.722,-0.45
3.724,-0.32
3.726,-0.16
3.728,0.12
3.73,0.05
3.732,-0.12
3.734,-0.54
3.736,-0.52
3.738,-0.05
3.74,0.45
3.742,-0.01
3.744,-0.36
3.746,-0.74
3.748,-0.19
3.75,0.43
3.752,0.25
3.754,-0.12
3.756,-0.56
3.758,-0.27
3.76,-0.12
3.762,0.49
3.764,0.23
3.766,-0.16
3.768,-0.52
3.77,-0.47
3.772,0.16
3.774,0.38
3.776,0.1
3.778,-0.6
3.78,-0.76
3.782,-0.12
3.784,0.65
3.786,0.21
3.788,-0.34
3.79,-0.67
3.792,-0.36
3.794,0.25
3.796,0.14
3.798,-0.03
3.8,-0.52
3.802,-0.58
3.804,-0.34
3.806,0.12
3.808,0.25
3.81,-0.25
3.812,-0.54
3.814,-0.67
3.816,0.05
3.818,0.32
3.82,-0.1
3.822,-0.45
3.824,-0.54
3.826,-0.12
3.828,0.12
3.83,0.08
3.832,-0.21
3.834,-0.36
3.836,-0.45
3.838,-0.1
3.84,-0.12
3.842,0.01
3.844,-0.16
3.846,-0.56
3.848,-0.43
3.85,-0.05
3.852,0.25
3.854,-0.25
3.856,-0.47
3.858,-0.52
3.86,-0.05
3.862,0.14
3.864,-0.25
3.866,-0.43
3.868,-0.49
3.87,-0.3
3.872,-0.08
3.874,-0.1
3.876,-0.23
3.878,-0.41
3.88,-0.49
3.882,-0.14
3.884,0.16
3.886,0.01
3.888,-0.43
3.89,-0.67
3.892,-0.21
3.894,0.14
3.896,0.14
3.898,-0.34
3.9,-0.69
3.902,-0.3
3.904,0.08
3.906,0.32
3.908,-0.27
3.91,-0.38
3.912,-0.32
3.914,-0.16
3.916,0.19
3.918,0.12
3.92,-0.12
3.922,-0.47
3.924,-0.34
3.926,-0.01
3.928,0.45
3.93,0.03
3.932,-0.41
3.934,-0.63
3.936,-0.12
3.938,0.3
3.94,0.16
3.942,-0.14
3.944,-0.52
3.946,-0.23
3.948,-0.21
3.95,0.3
3.952,0.12
3.954,-0.16
3.956,-0.49
3.958,-0.52
3.96,0.1
3.962,0.3
3.964,0.05
3.966,-0.54
3.968,-0.78
3.97,-0.27
3.972,0.49
3.974,0.23
3.976,-0.32
3.978,-0.65
3.98,-0.43
3.982,0.05
3.984,0.21
3.986,0.08
3.988,-0.49
3.99,-0.63
3.992,-0.43
3.994,0.1
3.996,0.3
3.998,-0.25
4,-0.67
4.002,-0.78
4.004,0.01
4.006,0.3
4.008,-0.03
4.01,-0.43
4.012,-0.65
4.014,-0.23
4.016,0.1
4.018,0.1
4.02,-0.21
4.022,-0.43
4.024,-0.54
4.026,-0.16
4.028,-0.05
4.03,-0.03
4.032,-0.25
4.034,-0.56
4.036,-0.43
4.038,-0.14
4.04,0.19
4.042,-0.27
4.044,-0.47
4.046,-0.49
4.048,-0.14
4.05,0.03
4.052,-0.21
4.054,-0.25
4.056,-0.47
4.058,-0.3
4.06,-0.12
4.062,-0.05
4.064,-0.05
4.066,-0.3
4.068,-0.54
4.07,-0.27
4.072,0.16
4.074,0.08
4.076,-0.23
4.078,-0.58
4.08,-0.32
4.082,0.05
4.084,0.23
4.086,-0.16
4.088,-0.56
4.09,-0.38
4.092,-0.16
4.094,0.3
4.096,-0.1
4.098,-0.27
4.1,-0.41
4.102,-0.3
4.104,0.12
4.106,0.16
4.108,0.03
4.11,-0.49
4.112,-0.45
4.114,-0.05
4.116,0.43
4.118,0.08
4.12,-0.3
4.122,-0.56
4.124,-0.16
4.126,0.3
4.128,0.19
4.13,-0.16
4.132,-0.45
4.134,-0.25
4.136,-0.23
4.138,0.32
4.14,0.16
4.142,-0.19
4.144,-0.41
4.146,-0.45
4.148,0.03
4.15,0.19
4.152,-0.01
4.154,-0.47
4.156,-0.67
4.158,-0.3
4.16,0.23
4.162,0.14
4.164,-0.23
4.166,-0.54
4.168,-0.49
4.17,-0.08
4.172,0.14
4.174,0.08
4.176,-0.32
4.178,-0.65
4.18,-0.54
4.182,0.05
4.184,0.36
4.186,-0.14
4.188,-0.56
4.19,-0.85
4.192,-0.1
4.194,0.38
4.196,-0.01
4.198,-0.41
4.2,-0.69
4.202,-0.36
4.204,-0.01
4.206,0.16
4.208,-0.19
4.21,-0.49
4.212,-0.6
4.214,-0.21
4.216,0.01
4.218,-0.01
4.22,-0.25
4.222,-0.58
4.224,-0.45
4.226,-0.1
4.228,0.16
4.23,-0.23
4.232,-0.36
4.234,-0.47
4.236,-0.16
4.238,0.1
4.24,-0.14
4.242,-0.12
4.244,-0.34
4.246,-0.27
4.248,-0.12
4.25,-0.03
4.252,-0.03
4.254,-0.23
4.256,-0.43
4.258,-0.32
4.26,0.16
4.262,0.16
4.264,-0.14
4.266,-0.45
4.268,-0.3
4.27,-0.03
4.272,0.14
4.274,-0.08
4.276,-0.43
4.278,-0.38
4.28,-0.27
4.282,0.25
4.284,-0.03
4.286,-0.14
4.288,-0.34
4.29,-0.36
4.292,0.05
4.294,0.23
4.296,0.08
4.298,-0.45
4.3,-0.47
4.302,-0.23
4.304,0.41
4.306,0.25
4.308,-0.23
4.31,-0.54
4.312,-0.25
4.314,0.14
4.316,0.23
4.318,-0.05
4.32,-0.47
4.322,-0.3
4.324,-0.23
4.326,0.3
4.328,0.21
4.33,-0.19
4.332,-0.47
4.334,-0.47
4.336,0.05
4.338,0.19
4.34,-0.05
4.342,-0.47
4.344,-0.65
4.346,-0.32
4.348,0.12
4.35,0.08
4.352,-0.34
4.354,-0.49
4.356,-0.45
4.358,-0.21
4.36,0.08
4.362,0.01
4.364,-0.34
4.366,-0.56
4.368,-0.49
4.37,-0.12
4.372,0.23
4.374,-0.1
4.376,-0.47
4.378,-0.71
4.38,-0.14
4.382,0.25
4.384,0.08
4.386,-0.16
4.388,-0.58
4.39,-0.34
4.392,-0.05
4.394,0.23
4.396,0.01
4.398,-0.32
4.4,-0.56
4.402,-0.25
4.404,0.16
4.406,0.12
4.408,-0.16
4.41,-0.56
4.412,-0.49
4.414,-0.12
4.416,0.25
4.418,-0.16
4.42,-0.38
4.422,-0.47
4.424,-0.19
4.426,0.16
4.428,-0.01
4.43,-0.12
4.432,-0.43
4.434,-0.32
4.436,-0.14
4.438,-0.03
4.44,-0.01
4.442,-0.25
4.444,-0.45
4.446,-0.32
4.448,0.12
4.45,0.1
4.452,-0.12
4.454,-0.38
4.456,-0.32
4.458,-0.14
4.46,0.01
4.462,-0.16
4.464,-0.38
4.466,-0.38
4.468,-0.43
4.47,0.03
4.472,-0.08
4.474,-0.16
4.476,-0.41
4.478,-0.47
4.48,-0.16
4.482,0.01
4.484,0.05
4.486,-0.41
4.488,-0.52
4.49,-0.32
4.492,0.16
4.494,0.14
4.496,-0.19
4.498,-0.49
4.5,-0.38
4.502,0.08
4.504,0.25
4.506,-0.01
4.508,-0.34
4.51,-0.34
4.512,-0.32
4.514,0.3
4.516,0.3
4.518,-0.14
4.52,-0.43
4.522,-0.47
4.524,0.08
4.526,0.32
4.528,0.05
4.53,-0.41
4.532,-0.58
4.534,-0.27
4.536,0.12
4.538,0.19
4.54,-0.27
4.542,-0.49
4.544,-0.49
4.546,-0.14
4.548,0.16
4.55,0.01
4.552,-0.27
4.554,-0.54
4.556,-0.45
4.558,-0.03
4.56,0.25
4.562,-0.14
4.564,-0.36
4.566,-0.67
4.568,-0.27
4.57,0.19
4.572,0.01
4.574,-0.16
4.576,-0.52
4.578,-0.38
4.58,-0.23
4.582,0.21
4.584,0.03
4.586,-0.34
4.588,-0.63
4.59,-0.45
4.592,0.05
4.594,0.16
4.596,-0.1
4.598,-0.58
4.6,-0.56
4.602,-0.19
4.604,0.25
4.606,-0.05
4.608,-0.32
4.61,-0.56
4.612,-0.34
4.614,0.12
4.616,0.03
4.618,-0.12
4.62,-0.49
4.622,-0.45
4.624,-0.16
4.626,0.08
4.628,0.03
4.63,-0.34
4.632,-0.49
4.634,-0.41
4.636,0.1
4.638,0.14
4.64,-0.21
4.642,-0.45
4.644,-0.3
4.646,-0.05
4.648,0.1
4.65,-0.01
4.652,-0.3
4.654,-0.36
4.656,-0.34
4.658,0.08
4.66,-0.03
4.662,-0.08
4.664,-0.27
4.666,-0.41
4.668,-0.08
4.67,0.08
4.672,0.1
4.674,-0.25
4.676,-0.3
4.678,-0.32
4.68,0.05
4.682,0.19
4.684,-0.1
4.686,-0.3
4.688,-0.34
4.69,-0.1
4.692,0.19
4.694,0.12
4.696,-0.14
4.698,-0.27
4.7,-0.36
4.702,0.1
4.704,0.34
4.706,0.03
4.708,-0.34
4.71,-0.54
4.712,-0.05
4.714,0.27
4.716,0.16
4.718,-0.23
4.72,-0.56
4.722,-0.41
4.724,0.01
4.726,0.27
4.728,-0.16
4.73,-0.43
4.732,-0.54
4.734,-0.27
4.736,0.25
4.738,0.14
4.74,-0.23
4.742,-0.52
4.744,-0.43
4.746,-0.12
4.748,0.25
4.75,-0.14
4.752,-0.43
4.754,-0.65
4.756,-0.3
4.758,0.12
4.76,0.03
4.762,-0.16
4.764,-0.54
4.766,-0.41
4.768,-0.32
4.77,0.12
4.772,-0.03
4.774,-0.32
4.776,-0.58
4.778,-0.54
4.78,-0.05
4.782,0.05
4.784,-0.14
4.786,-0.47
4.788,-0.58
4.79,-0.38
4.792,0.1
4.794,-0.03
4.796,-0.3
4.798,-0.54
4.8,-0.49
4.802,-0.05
4.804,0.1
4.806,-0.03
4.808,-0.52
4.81,-0.52
4.812,-0.32
4.814,-0.01
4.816,0.08
4.818,-0.27
4.82,-0.52
4.822,-0.49
4.824,-0.03
4.826,0.1
4.828,-0.16
4.83,-0.38
4.832,-0.43
4.834,-0.19
4.836,0.01
4.838,0.01
4.84,-0.23
4.842,-0.32
4.844,-0.36
4.846,-0.03
4.848,0.03
4.85,-0.08
4.852,-0.3
4.854,-0.41
4.856,-0.12
4.858,0.01
4.86,0.12
4.862,-0.23
4.864,-0.3
4.866,-0.25
4.868,-0.05
4.87,0.12
4.872,-0.05
4.874,-0.25
4.876,-0.38
4.878,-0.14
4.88,0.12
4.882,0.08
4.884,-0.1
4.886,-0.27
4.888,-0.43
4.89,-0.01
4.892,0.27
4.894,0.01
4.896,-0.23
4.898,-0.45
4.9,-0.14
4.902,0.21
4.904,0.21
4.906,-0.14
4.908,-0.43
4.91,-0.3
4.912,-0.05
4.914,0.34
4.916,-0.01
4.918,-0.32
4.92,-0.45
4.922,-0.25
4.924,0.21
4.926,0.14
4.928,-0.19
4.93,-0.52
4.932,-0.41
4.934,-0.14
4.936,0.19
4.938,-0.14
4.94,-0.34
4.942,-0.6
4.944,-0.34
4.946,0.08
4.948,0.03
4.95,-0.19
4.952,-0.49
4.954,-0.38
4.956,-0.34
4.958,0.08
4.96,-0.03
4.962,-0.3
4.964,-0.49
4.966,-0.43
4.968,-0.08
4.97,0.01
4.972,-0.12
4.974,-0.47
4.976,-0.49
4.978,-0.27
4.98,0.05
4.982,-0.01
4.984,-0.16
4.986,-0.45
4.988,-0.43
4.99,-0.08
4.992,0.08
4.994,0.05
4.996,-0.32
4.998,-0.45
5,-0.27
5.002,0.03
5.004,0.19
5.006,-0.14
5.008,-0.36
5.01,-0.49
5.012,-0.1
5.014,0.16
5.016,-0.08
5.018,-0.3
5.02,-0.45
5.022,-0.23
5.024,0.01
5.026,0.12
5.028,-0.14
5.03,-0.36
5.032,-0.45
5.034,-0.1
5.036,0.03
5.038,-0.03
5.04,-0.25
5.042,-0.47
5.044,-0.14
5.046,0.05
5.048,0.14
5.05,-0.21
5.052,-0.25
5.054,-0.3
5.056,-0.12
5.058,0.16
5.06,-0.08
5.062,-0.16
5.064,-0.34
5.066,-0.23
5.068,0.03
5.07,0.1
5.072,-0.1
5.074,-0.25
5.076,-0.36
5.078,-0.19
5.08,0.14
5.082,-0.01
5.084,-0.23
5.086,-0.43
5.088,-0.25
5.09,0.03
5.092,0.1
5.094,-0.1
5.096,-0.43
5.098,-0.41
5.1,-0.27
5.102,0.23
5.104,-0.01
5.106,-0.27
5.108,-0.52
5.11,-0.49
5.112,0.1
5.114,0.21
5.116,-0.12
5.118,-0.49
5.12,-0.47
5.122,-0.25
5.124,0.21
5.126,0.01
5.128,-0.32
5.13,-0.65
5.132,-0.45
5.134,0.03
5.136,0.14
5.138,-0.08
5.14,-0.52
5.142,-0.43
5.144,-0.25
5.146,0.16
5.148,0.08
5.15,-0.27
5.152,-0.54
5.154,-0.47
5.156,-0.01
5.158,0.1
5.16,-0.12
5.162,-0.36
5.164,-0.47
5.166,-0.3
5.168,0.01
5.17,0.01
5.172,-0.16
5.174,-0.34
5.176,-0.43
5.178,-0.21
5.18,0.05
5.182,0.03
5.184,-0.3
5.186,-0.41
5.188,-0.27
5.19,-0.08
5.192,0.16
5.194,-0.1
5.196,-0.3
5.198,-0.47
5.2,-0.19
5.202,0.12
5.204,-0.01
5.206,-0.16
5.208,-0.47
5.21,-0.3
5.212,-0.05
5.214,0.14
5.216,-0.12
5.218,-0.34
5.22,-0.47
5.222,-0.21
5.224,0.08
5.226,-0.05
5.228,-0.34
5.23,-0.54
5.232,-0.3
5.234,-0.1
5.236,0.1
5.238,-0.27
5.24,-0.36
5.242,-0.34
5.244,-0.25
5.246,0.01
5.248,-0.12
5.25,-0.25
5.252,-0.45
5.254,-0.27
5.256,-0.03
5.258,-0.01
5.26,-0.14
5.262,-0.27
5.264,-0.32
5.266,-0.14
5.268,0.14
5.27,-0.01
5.272,-0.19
5.274,-0.34
5.276,-0.25
5.278,-0.01
5.28,0.1
5.282,-0.05
5.284,-0.32
5.286,-0.3
5.288,-0.27
5.29,0.12
5.292,-0.01
5.294,-0.19
5.296,-0.43
5.298,-0.45
5.3,-0.01
5.302,0.08
5.304,-0.03
5.306,-0.38
5.308,-0.43
5.31,-0.27
5.312,0.1
5.314,0.05
5.316,-0.12
5.318,-0.47
5.32,-0.49
5.322,-0.05
5.324,0.16
5.326,0.03
5.328,-0.34
5.33,-0.43
5.332,-0.34
5.334,0.14
5.336,0.21
5.338,-0.19
5.34,-0.43
5.342,-0.45
5.344,-0.08
5.346,0.12
5.348,-0.05
5.35,-0.34
5.352,-0.49
5.354,-0.23
5.356,-0.01
5.358,0.08
5.36,-0.1
5.362,-0.34
5.364,-0.43
5.366,-0.19
5.368,0.08
5.37,0.01
5.372,-0.21
5.374,-0.43
5.376,-0.27
5.378,-0.05
5.38,0.16
5.382,-0.08
5.384,-0.19
5.386,-0.43
5.388,-0.27
5.39,0.12
5.392,0.03
5.394,-0.1
5.396,-0.45
5.398,-0.36
5.4,-0.14
5.402,0.19
5.404,-0.01
5.406,-0.32
5.408,-0.49
5.41,-0.32
5.412,0.01
5.414,0.03
5.416,-0.19
5.418,-0.54
5.42,-0.41
5.422,-0.19
5.424,0.08
5.426,-0.19
5.428,-0.3
5.43,-0.43
5.432,-0.41
5.434,0.01
5.436,-0.1
5.438,-0.25
5.44,-0.52
5.442,-0.45
5.444,-0.16
5.446,-0.01
5.448,-0.19
5.45,-0.43
5.452,-0.43
5.454,-0.3
5.456,-0.01
5.458,-0.05
5.46,-0.25
5.462,-0.41
5.464,-0.32
5.466,-0.14
5.468,-0.01
5.47,-0.1
5.472,-0.32
5.474,-0.32
5.476,-0.3
5.478,0.08
5.48,0.01
5.482,-0.12
5.484,-0.3
5.486,-0.45
5.488,-0.05
5.49,0.05
5.492,-0.03
5.494,-0.3
5.496,-0.32
5.498,-0.25
5.5,0.01
5.502,0.12
5.504,-0.05
5.506,-0.3
5.508,-0.41
5.51,-0.14
5.512,0.12
5.514,0.1
5.516,-0.25
5.518,-0.38
5.52,-0.27
5.522,0.14
5.524,0.27
5.526,-0.03
5.528,-0.32
5.53,-0.47
5.532,-0.12
5.534,0.12
5.536,0.03
5.538,-0.21
5.54,-0.52
5.542,-0.34
5.544,-0.05
5.546,0.14
5.548,-0.08
5.55,-0.34
5.552,-0.47
5.554,-0.3
5.556,0.1
5.558,0.08
5.56,-0.23
5.562,-0.47
5.564,-0.25
5.566,-0.08
5.568,0.16
5.57,-0.08
5.572,-0.19
5.574,-0.36
5.576,-0.23
5.578,0.08
5.58,0.05
5.582,0.01
5.584,-0.34
5.586,-0.27
5.588,-0.16
5.59,0.12
5.592,0.01
5.594,-0.21
5.596,-0.38
5.598,-0.32
5.6,0.01
5.602,0.05
5.604,-0.12
5.606,-0.41
5.608,-0.41
5.61,-0.27
5.612,0.05
5.614,-0.08
5.616,-0.23
5.618,-0.36
5.62,-0.43
5.622,-0.05
5.624,0.03
5.626,-0.08
5.628,-0.47
5.63,-0.49
5.632,-0.21
5.634,-0.03
5.636,-0.05
5.638,-0.3
5.64,-0.41
5.642,-0.34
5.644,-0.01
5.646,-0.01
5.648,-0.21
5.65,-0.36
5.652,-0.43
5.654,-0.19
5.656,0.03
5.658,-0.08
5.66,-0.32
5.662,-0.34
5.664,-0.3
5.666,0.03
5.668,0.03
5.67,-0.19
5.672,-0.32
5.674,-0.38
5.676,-0.08
5.678,0.01
5.68,-0.05
5.682,-0.3
5.684,-0.3
5.686,-0.19
5.688,-0.03
5.69,0.03
5.692,-0.12
5.694,-0.27
5.696,-0.47
5.698,-0.25
5.7,0.03
5.702,0.01
5.704,-0.21
5.706,-0.36
5.708,-0.38
5.71,-0.05
5.712,0.16
5.714,-0.1
5.716,-0.23
5.718,-0.41
5.72,-0.25
5.722,0.03
5.724,0.08
5.726,-0.12
5.728,-0.47
5.73,-0.34
5.732,-0.14
5.734,0.19
5.736,0.03
5.738,-0.27
5.74,-0.49
5.742,-0.34
5.744,0.1
5.746,0.12
5.748,-0.16
5.75,-0.49
5.752,-0.36
5.754,-0.12
5.756,0.14
5.758,-0.08
5.76,-0.19
5.762,-0.34
5.764,-0.3
5.766,0.08
5.768,0.05
5.77,-0.01
5.772,-0.3
5.774,-0.25
5.776,-0.16
5.778,0.19
5.78,0.05
5.782,-0.21
5.784,-0.27
5.786,-0.27
5.788,-0.01
5.79,0.1
5.792,-0.05
5.794,-0.3
5.796,-0.38
5.798,-0.25
5.8,0.01
5.802,-0.05
5.804,-0.16
5.806,-0.32
5.808,-0.43
5.81,-0.1
5.812,0.01
5.814,-0.12
5.816,-0.38
5.818,-0.49
5.82,-0.25
5.822,-0.01
5.824,-0.01
5.826,-0.3
5.828,-0.36
5.83,-0.34
5.832,-0.14
5.834,0.03
5.836,-0.16
5.838,-0.27
5.84,-0.41
5.842,-0.27
5.844,-0.05
5.846,0.03
5.848,-0.23
5.85,-0.41
5.852,-0.38
5.854,-0.08
5.856,0.01
5.858,-0.16
5.86,-0.32
5.862,-0.52
5.864,-0.16
5.866,-0.01
5.868,-0.01
5.87,-0.27
5.872,-0.38
5.874,-0.32
5.876,-0.16
5.878,0.05
5.88,-0.12
5.882,-0.27
5.884,-0.41
5.886,-0.23
5.888,0.03
5.89,0.08
5.892,-0.19
5.894,-0.41
5.896,-0.32
5.898,-0.05
5.9,0.1
5.902,-0.1
5.904,-0.19
5.906,-0.38
5.908,-0.25
5.91,0.01
5.912,0.05
5.914,-0.01
5.916,-0.38
5.918,-0.41
5.92,-0.27
5.922,0.08
5.924,-0.01
5.926,-0.21
5.928,-0.43
5.93,-0.45
5.932,-0.01
5.934,0.08
5.936,-0.19
5.938,-0.47
5.94,-0.41
5.942,-0.25
5.944,0.05
5.946,-0.05
5.948,-0.25
5.95,-0.45
5.952,-0.41
5.954,-0.05
5.956,0.05
5.958,0.01
5.96,-0.36
5.962,-0.41
5.964,-0.21
5.966,0.12
5.968,0.05
5.97,-0.21
5.972,-0.3
5.974,-0.3
5.976,-0.03
5.978,0.05
5.98,-0.1
5.982,-0.21
5.984,-0.32
5.986,-0.25
5.988,-0.01
5.99,-0.01
5.992,-0.14
5.994,-0.25
5.996,-0.41
5.998,-0.19
6,0.05
6.002,0.01
6.004,-0.21
6.006,-0.41
6.008,-0.25
6.01,-0.12
6.012,-0.01
6.014,-0.21
6.016,-0.27
6.018,-0.32
6.02,-0.19
6.022,0.01
6.024,-0.14
6.026,-0.14
6.028,-0.45
6.03,-0.38
6.032,-0.08
6.034,0.03
6.036,-0.23
6.038,-0.43
6.04,-0.45
6.042,-0.19
6.044,0.05
6.046,-0.14
6.048,-0.32
6.05,-0.49
6.052,-0.25
6.054,-0.08
6.056,0.01
6.058,-0.25
6.06,-0.38
6.062,-0.3
6.064,-0.21
6.066,0.03
6.068,-0.08
6.07,-0.21
6.072,-0.41
6.074,-0.27
6.076,0.05
6.078,0.1
6.08,-0.08
6.082,-0.27
6.084,-0.27
6.086,-0.08
6.088,0.12
6.09,-0.03
6.092,-0.16
6.094,-0.23
6.096,-0.23
6.098,-0.05
6.1,0.1
6.102,0.03
6.104,-0.3
6.106,-0.36
6.108,-0.32
6.11,0.03
6.112,0.08
6.114,-0.19
6.116,-0.41
6.118,-0.45
6.12,-0.03
6.122,0.1
6.124,-0.03
6.126,-0.36
6.128,-0.43
6.13,-0.3
6.132,0.01
6.134,-0.01
6.136,-0.16
6.138,-0.32
6.14,-0.38
6.142,-0.08
6.144,0.14
6.146,0.08
6.148,-0.23
6.15,-0.34
6.152,-0.23
6.154,0.14
6.156,0.19
6.158,-0.21
6.16,-0.27
6.162,-0.25
6.164,-0.05
6.166,0.12
6.168,-0.03
6.17,-0.21
6.172,-0.38
6.174,-0.25
6.176,-0.05
6.178,0.03
6.18,-0.1
6.182,-0.27
6.184,-0.36
6.186,-0.19
6.188,0.01
6.19,-0.14
6.192,-0.3
6.194,-0.43
6.196,-0.25
6.198,-0.12
6.2,-0.01
6.202,-0.25
6.204,-0.25
6.206,-0.3
6.208,-0.32
6.21,-0.08
6.212,-0.19
6.214,-0.14
6.216,-0.41
6.218,-0.43
6.22,-0.25
6.222,-0.01
6.224,-0.12
6.226,-0.38
6.228,-0.47
6.23,-0.34
6.232,-0.1
6.234,-0.16
6.236,-0.25
6.238,-0.47
6.24,-0.34
6.242,-0.16
6.244,-0.01
6.246,-0.16
6.248,-0.32
6.25,-0.38
6.252,-0.34
6.254,0.01
6.256,-0.05
6.258,-0.23
6.26,-0.36
6.262,-0.32
6.264,-0.01
6.266,0.12
6.268,-0.05
6.27,-0.3
6.272,-0.25
6.274,-0.05
6.276,0.08
6.278,-0.01
6.28,-0.21
6.282,-0.25
6.284,-0.19
6.286,-0.03
6.288,0.03
6.29,0.03
6.292,-0.23
6.294,-0.3
6.296,-0.23
6.298,0.1
6.3,0.1
6.302,-0.12
6.304,-0.23
6.306,-0.36
6.308,-0.05
6.31,0.05
6.312,-0.08
6.314,-0.23
6.316,-0.3
6.318,-0.27
6.32,-0.03
6.322,0.08
6.324,-0.14
6.326,-0.32
6.328,-0.43
6.33,-0.23
6.332,0.01
6.334,0.05
6.336,-0.23
6.338,-0.45
6.34,-0.34
6.342,-0.01
6.344,0.12
6.346,-0.16
6.348,-0.27
6.35,-0.36
6.352,-0.19
6.354,0.01
6.356,-0.1
6.358,-0.14
6.36,-0.34
6.362,-0.3
6.364,-0.12
6.366,0.05
6.368,-0.12
6.37,-0.32
6.372,-0.43
6.374,-0.32
6.376,-0.01
6.378,-0.08
6.38,-0.25
6.382,-0.38
6.384,-0.25
6.386,-0.19
6.388,-0.03
6.39,-0.19
6.392,-0.27
6.394,-0.32
6.396,-0.32
6.398,-0.14
6.4,-0.19
6.402,-0.1
6.404,-0.34
6.406,-0.38
6.408,-0.21
6.41,-0.01
6.412,-0.1
6.414,-0.32
6.416,-0.43
6.418,-0.34
6.42,-0.1
6.422,-0.12
6.424,-0.19
6.426,-0.32
6.428,-0.32
6.43,-0.23
6.432,-0.01
6.434,-0.08
6.436,-0.25
6.438,-0.34
6.44,-0.36
6.442,-0.03
6.444,0.08
6.446,-0.05
6.448,-0.3
6.45,-0.36
6.452,-0.03
6.454,0.12
6.456,0.05
6.458,-0.21
6.46,-0.34
6.462,-0.14
6.464,0.08
6.466,0.08
6.468,-0.12
6.47,-0.16
6.472,-0.25
6.474,-0.1
6.476,0.1
6.478,0.08
6.48,-0.21
6.482,-0.27
6.484,-0.21
6.486,0.03
6.488,0.14
6.49,-0.19
6.492,-0.3
6.494,-0.34
6.496,-0.08
6.498,0.01
6.5,-0.03
6.502,-0.19
6.504,-0.3
6.506,-0.23
6.508,-0.14
6.51,-0.01
6.512,-0.1
6.514,-0.23
6.516,-0.41
6.518,-0.27
6.52,-0.05
6.522,-0.01
6.524,-0.19
6.526,-0.43
6.528,-0.43
6.53,-0.14
6.532,0.08
6.534,-0.19
6.536,-0.32
6.538,-0.45
6.54,-0.36
6.542,-0.1
6.544,-0.08
6.546,-0.14
6.548,-0.45
6.55,-0.43
6.552,-0.21
6.554,0.03
6.556,-0.08
6.558,-0.38
6.56,-0.52
6.562,-0.34
6.564,0.03
6.566,-0.1
6.568,-0.3
6.57,-0.49
6.572,-0.38
6.574,-0.19
6.576,-0.01
6.578,-0.23
6.58,-0.3
6.582,-0.32
6.584,-0.34
6.586,-0.08
6.588,-0.14
6.59,-0.14
6.592,-0.32
6.594,-0.36
6.596,-0.23
6.598,0.01
6.6,-0.05
6.602,-0.32
6.604,-0.32
6.606,-0.23
6.608,-0.08
6.61,-0.1
6.612,-0.21
6.614,-0.32
6.616,-0.32
6.618,-0.27
6.62,-0.1
6.622,-0.08
6.624,-0.16
6.626,-0.27
6.628,-0.36
6.63,-0.1
6.632,0.05
6.634,-0.1
6.636,-0.23
6.638,-0.36
6.64,-0.14
6.642,0.1
6.644,0.1
6.646,-0.14
6.648,-0.25
6.65,-0.14
6.652,0.01
6.654,0.21
6.656,-0.01
6.658,-0.12
6.66,-0.27
6.662,-0.14
6.664,0.08
6.666,0.21
6.668,-0.05
6.67,-0.32
6.672,-0.27
6.674,0.03
6.676,0.23
6.678,-0.08
6.68,-0.23
6.682,-0.41
6.684,-0.12
6.686,0.05
6.688,-0.01
6.69,-0.16
6.692,-0.3
6.694,-0.3
6.696,-0.21
6.698,0.05
6.7,-0.12
6.702,-0.32
6.704,-0.43
6.706,-0.36
6.708,-0.08
6.71,-0.01
6.712,-0.23
6.714,-0.45
6.716,-0.41
6.718,-0.19
6.72,-0.01
6.722,-0.23
6.724,-0.34
6.726,-0.43
6.728,-0.38
6.73,-0.16
6.732,-0.16
6.734,-0.14
6.736,-0.36
6.738,-0.45
6.74,-0.3
6.742,-0.01
6.744,-0.03
6.746,-0.3
6.748,-0.43
6.75,-0.43
6.752,-0.05
6.754,0.03
6.756,-0.16
6.758,-0.34
6.76,-0.34
6.762,-0.23
6.764,0.01
6.766,-0.01
6.768,-0.23
6.77,-0.34
6.772,-0.34
6.774,-0.03
6.776,-0.01
6.778,-0.03
6.78,-0.32
6.782,-0.38
6.784,-0.14
6.786,0.08
6.788,0.03
6.79,-0.25
6.792,-0.34
6.794,-0.23
6.796,-0.03
6.798,0.01
6.8,-0.16
6.802,-0.19
6.804,-0.19
6.806,-0.16
6.808,-0.03
6.81,-0.01
6.812,-0.12
6.814,-0.21
6.816,-0.27
6.818,-0.1
6.82,0.1
6.822,-0.01
6.824,-0.14
6.826,-0.3
6.828,-0.14
6.83,-0.05
6.832,0.03
6.834,-0.12
6.836,-0.3
6.838,-0.25
6.84,-0.14
6.842,0.08
6.844,-0.05
6.846,-0.1
6.848,-0.34
6.85,-0.32
6.852,-0.03
6.854,0.05
6.856,-0.19
6.858,-0.41
6.86,-0.41
6.862,-0.12
6.864,0.16
6.866,-0.12
6.868,-0.34
6.87,-0.43
6.872,-0.21
6.874,-0.05
6.876,-0.05
6.878,-0.23
6.88,-0.38
6.882,-0.3
6.884,-0.21
6.886,0.03
6.888,-0.1
6.89,-0.32
6.892,-0.45
6.894,-0.36
6.896,-0.08
6.898,-0.05
6.9,-0.25
6.902,-0.43
6.904,-0.43
6.906,-0.23
6.908,-0.05
6.91,-0.25
6.912,-0.36
6.914,-0.36
6.916,-0.38
6.918,-0.21
6.92,-0.14
6.922,-0.12
6.924,-0.32
6.926,-0.38
6.928,-0.36
6.93,-0.12
6.932,0.03
6.934,-0.21
6.936,-0.32
6.938,-0.34
6.94,-0.08
6.942,-0.01
6.944,-0.08
6.946,-0.21
6.948,-0.3
6.95,-0.23
6.952,-0.01
6.954,0.05
6.956,-0.08
6.958,-0.23
6.96,-0.34
6.962,-0.05
6.964,0.12
6.966,0.03
6.968,-0.21
6.97,-0.38
6.972,-0.19
6.974,0.12
6.976,0.16
6.978,-0.19
6.98,-0.3
6.982,-0.19
6.984,-0.03
6.986,0.1
6.988,-0.12
6.99,-0.25
6.992,-0.3
6.994,-0.19
6.996,-0.05
6.998,-0.01
7,-0.1
7.002,-0.25
7.004,-0.3
7.006,-0.14
7.008,0.05
7.01,-0.12
7.012,-0.19
7.014,-0.3
7.016,-0.16
7.018,-0.05
7.02,-0.01
7.022,-0.16
7.024,-0.23
7.026,-0.19
7.028,-0.21
7.03,0.01
7.032,-0.08
7.034,-0.12
7.036,-0.3
7.038,-0.32
7.04,-0.12
7.042,0.08
7.044,-0.05
7.046,-0.34
7.048,-0.38
7.05,-0.23
7.052,0.03
7.054,-0.08
7.056,-0.25
7.058,-0.43
7.06,-0.32
7.062,-0.12
7.064,-0.03
7.066,-0.12
7.068,-0.3
7.07,-0.38
7.072,-0.34
7.074,0.03
7.076,0.03
7.078,-0.25
7.08,-0.41
7.082,-0.41
7.084,-0.08
7.086,0.05
7.088,-0.16
7.09,-0.36
7.092,-0.36
7.094,-0.16
7.096,-0.05
7.098,-0.14
7.1,-0.3
7.102,-0.27
7.104,-0.23
7.106,-0.1
7.108,-0.12
7.11,-0.14
7.112,-0.27
7.114,-0.36
7.116,-0.3
7.118,-0.12
7.12,-0.03
7.122,-0.21
7.124,-0.23
7.126,-0.34
7.128,-0.12
7.13,-0.03
7.132,-0.14
7.134,-0.14
7.136,-0.23
7.138,-0.25
7.14,-0.14
7.142,-0.01
7.144,-0.05
7.146,-0.16
7.148,-0.3
7.15,-0.16
7.152,0.05
7.154,0.08
7.156,-0.19
7.158,-0.41
7.16,-0.23
7.162,0.03
7.164,0.14
7.166,-0.1
7.168,-0.27
7.17,-0.25
7.172,-0.1
7.174,0.1
7.176,-0.1
7.178,-0.21
7.18,-0.34
7.182,-0.3
7.184,-0.1
7.186,-0.01
7.188,-0.14
7.19,-0.36
7.192,-0.38
7.194,-0.23
7.196,0.08
7.198,-0.1
7.2,-0.36
7.202,-0.43
7.204,-0.21
7.206,-0.12
7.208,-0.05
7.21,-0.21
7.212,-0.36
7.214,-0.27
7.216,-0.27
7.218,-0.08
7.22,-0.14
7.222,-0.16
7.224,-0.27
7.226,-0.36
7.228,-0.16
7.23,-0.05
7.232,-0.16
7.234,-0.3
7.236,-0.36
7.238,-0.3
7.24,-0.08
7.242,-0.12
7.244,-0.23
7.246,-0.3
7.248,-0.3
7.25,-0.27
7.252,-0.12
7.254,-0.05
7.256,-0.19
7.258,-0.3
7.26,-0.36
7.262,-0.05
7.264,0.14
7.266,-0.08
7.268,-0.34
7.27,-0.43
7.272,-0.08
7.274,0.1
7.276,-0.01
7.278,-0.27
7.28,-0.43
7.282,-0.19
7.284,0.01
7.286,0.01
7.288,-0.23
7.29,-0.3
7.292,-0.36
7.294,-0.19
7.296,-0.01
7.298,-0.08
7.3,-0.27
7.302,-0.36
7.304,-0.27
7.306,-0.12
7.308,0.01
7.31,-0.25
7.312,-0.34
7.314,-0.3
7.316,-0.1
7.318,-0.03
7.32,-0.14
7.322,-0.16
7.324,-0.23
7.326,-0.19
7.328,-0.16
7.33,-0.05
7.332,-0.05
7.334,-0.16
7.336,-0.32
7.338,-0.25
7.34,-0.03
7.342,-0.01
7.344,-0.1
7.346,-0.27
7.348,-0.25
7.35,-0.12
7.352,0.03
7.354,-0.1
7.356,-0.21
7.358,-0.23
7.36,-0.23
7.362,-0.01
7.364,-0.01
7.366,-0.08
7.368,-0.27
7.37,-0.3
7.372,-0.16
7.374,-0.01
7.376,-0.01
7.378,-0.27
7.38,-0.41
7.382,-0.25
7.384,0.03
7.386,-0.05
7.388,-0.25
7.39,-0.38
7.392,-0.27
7.394,-0.1
7.396,-0.05
7.398,-0.21
7.4,-0.32
7.402,-0.3
7.404,-0.32
7.406,-0.05
7.408,-0.08
7.41,-0.21
7.412,-0.27
7.414,-0.32
7.416,-0.12
7.418,0.03
7.42,-0.1
7.422,-0.27
7.424,-0.27
7.426,-0.16
7.428,-0.01
7.43,-0.01
7.432,-0.19
7.434,-0.21
7.436,-0.21
7.438,-0.12
7.44,-0.05
7.442,-0.05
7.444,-0.1
7.446,-0.27
7.448,-0.36
7.45,-0.14
7.452,0.03
7.454,-0.14
7.456,-0.25
7.458,-0.41
7.46,-0.21
7.462,0.03
7.464,-0.01
7.466,-0.19
7.468,-0.36
7.47,-0.27
7.472,-0.19
7.474,0.03
7.476,-0.05
7.478,-0.21
7.48,-0.34
7.482,-0.23
7.484,-0.01
7.486,0.05
7.488,-0.14
7.49,-0.43
7.492,-0.36
7.494,-0.14
7.496,0.05
7.498,-0.19
7.5,-0.32
7.502,-0.41
7.504,-0.19
7.506,-0.01
7.508,-0.19
7.51,-0.3
7.512,-0.34
7.514,-0.3
7.516,-0.23
7.518,-0.08
7.52,-0.16
7.522,-0.3
7.524,-0.32
7.526,-0.3
7.528,-0.12
7.53,-0.08
7.532,-0.25
7.534,-0.36
7.536,-0.25
7.538,-0.14
7.54,-0.05
7.542,-0.14
7.544,-0.23
7.546,-0.23
7.548,-0.25
7.55,-0.12
7.552,-0.12
7.554,-0.08
7.556,-0.21
7.558,-0.34
7.56,-0.23
7.562,-0.01
7.564,0.05
7.566,-0.16
7.568,-0.34
7.57,-0.34
7.572,-0.01
7.574,0.05
7.576,-0.16
7.578,-0.32
7.58,-0.27
7.582,-0.16
7.584,-0.01
7.586,-0.05
7.588,-0.23
7.59,-0.32
7.592,-0.36
7.594,-0.14
7.596,-0.03
7.598,-0.14
7.6,-0.3
7.602,-0.41
7.604,-0.12
7.606,0.05
7.608,-0.05
7.61,-0.25
7.612,-0.32
7.614,-0.19
7.616,-0.03
7.618,-0.01
7.62,-0.21
7.622,-0.21
7.624,-0.19
7.626,-0.14
7.628,-0.05
7.63,-0.08
7.632,-0.12
7.634,-0.23
7.636,-0.27
7.638,-0.21
7.64,0.03
7.642,-0.1
7.644,-0.21
7.646,-0.32
7.648,-0.19
7.65,-0.08
7.652,-0.12
7.654,-0.19
7.656,-0.3
7.658,-0.23
7.66,-0.19
7.662,-0.03
7.664,-0.12
7.666,-0.16
7.668,-0.34
7.67,-0.3
7.672,-0.01
7.674,0.05
7.676,-0.14
7.678,-0.36
7.68,-0.36
7.682,-0.14
7.684,0.14
7.686,-0.1
7.688,-0.34
7.69,-0.41
7.692,-0.23
7.694,-0.01
7.696,-0.05
7.698,-0.19
7.7,-0.34
7.702,-0.3
7.704,-0.21
7.706,-0.08
7.708,-0.1
7.71,-0.3
7.712,-0.38
7.714,-0.34
7.716,-0.1
7.718,-0.05
7.72,-0.21
7.722,-0.27
7.724,-0.27
7.726,-0.14
7.728,-0.05
7.73,-0.16
7.732,-0.23
7.734,-0.19
7.736,-0.27
7.738,-0.16
7.74,-0.05
7.742,-0.08
7.744,-0.16
7.746,-0.27
7.748,-0.23
7.75,-0.1
7.752,0.03
7.754,-0.19
7.756,-0.32
7.758,-0.3
7.76,-0.08
7.762,0.05
7.764,-0.1
7.766,-0.21
7.768,-0.3
7.77,-0.21
7.772,-0.05
7.774,-0.05
7.776,-0.16
7.778,-0.27
7.78,-0.38
7.782,-0.16
7.784,0.05
7.786,-0.05
7.788,-0.23
7.79,-0.38
7.792,-0.21
7.794,0.03
7.796,0.01
7.798,-0.23
7.8,-0.34
7.802,-0.21
7.804,-0.1
7.806,0.03
7.808,-0.12
7.81,-0.23
7.812,-0.25
7.814,-0.19
7.816,-0.05
7.818,-0.05
7.82,-0.1
7.822,-0.25
7.824,-0.3
7.826,-0.12
7.828,0.03
7.83,-0.16
7.832,-0.23
7.834,-0.32
7.836,-0.19
7.838,-0.03
7.84,-0.12
7.842,-0.19
7.844,-0.25
7.846,-0.21
7.848,-0.25
7.85,-0.12
7.852,-0.14
7.854,-0.19
7.856,-0.3
7.858,-0.36
7.86,-0.16
7.862,-0.01
7.864,-0.1
7.866,-0.32
7.868,-0.36
7.87,-0.19
7.872,0.03
7.874,-0.05
7.876,-0.25
7.878,-0.38
7.88,-0.3
7.882,-0.08
7.884,-0.03
7.886,-0.12
7.888,-0.21
7.89,-0.32
7.892,-0.25
7.894,-0.03
7.896,-0.01
7.898,-0.25
7.9,-0.36
7.902,-0.36
7.904,-0.12
7.906,0.08
7.908,-0.16
7.91,-0.34
7.912,-0.32
7.914,-0.12
7.916,-0.03
7.918,-0.08
7.92,-0.23
7.922,-0.23
7.924,-0.21
7.926,-0.12
7.928,-0.03
7.93,-0.05
7.932,-0.12
7.934,-0.25
7.936,-0.14
7.938,-0.01
7.94,0.05
7.942,-0.14
7.944,-0.23
7.946,-0.23
7.948,-0.1
7.95,0.05
7.952,-0.12
7.954,-0.16
7.956,-0.19
7.958,-0.21
7.96,-0.14
7.962,-0.05
7.964,-0.12
7.966,-0.25
7.968,-0.34
7.97,-0.27
7.972,-0.05
7.974,-0.05
7.976,-0.23
7.978,-0.47
7.98,-0.32
7.982,-0.08
7.984,-0.05
7.986,-0.21
7.988,-0.41
7.99,-0.36
7.992,-0.21
7.994,-0.01
7.996,-0.14
7.998,-0.23
8,-0.3
8.002,-0.27
8.004,-0.03
8.006,0.01
8.008,-0.12
8.01,-0.27
8.012,-0.32
8.014,-0.16
8.016,0.08
8.018,-0.05
8.02,-0.25
8.022,-0.34
8.024,-0.19
8.026,-0.01
8.028,-0.05
8.03,-0.14
8.032,-0.27
8.034,-0.23
8.036,-0.23
8.038,-0.14
8.04,-0.1
8.042,-0.12
8.044,-0.21
8.046,-0.36
8.048,-0.19
8.05,-0.05
8.052,-0.14
8.054,-0.23
8.056,-0.32
8.058,-0.32
8.06,-0.1
8.062,-0.05
8.064,-0.16
8.066,-0.23
8.068,-0.3
8.07,-0.23
8.072,-0.03
8.074,-0.01
8.076,-0.14
8.078,-0.32
8.08,-0.32
8.082,-0.14
8.084,0.05
8.086,-0.12
8.088,-0.32
8.09,-0.38
8.092,-0.14
8.094,0.05
8.096,-0.12
8.098,-0.27
8.1,-0.38
8.102,-0.19
8.104,-0.05
8.106,-0.08
8.108,-0.25
8.11,-0.25
8.112,-0.3
8.114,-0.21
8.116,-0.08
8.118,-0.14
8.12,-0.23
8.122,-0.32
8.124,-0.25
8.126,-0.16
8.128,-0.01
8.13,-0.21
8.132,-0.3
8.134,-0.21
8.136,-0.12
8.138,-0.03
8.14,-0.16
8.142,-0.16
8.144,-0.19
8.146,-0.14
8.148,-0.1
8.15,-0.1
8.152,-0.08
8.154,-0.14
8.156,-0.3
8.158,-0.27
8.16,-0.08
8.162,-0.05
8.164,-0.19
8.166,-0.36
8.168,-0.34
8.17,-0.16
8.172,-0.1
8.174,-0.23
8.176,-0.36
8.178,-0.32
8.18,-0.32
8.182,-0.16
8.184,-0.14
8.186,-0.25
8.188,-0.36
8.19,-0.38
8.192,-0.16
8.194,-0.01
8.196,-0.03
8.198,-0.3
8.2,-0.43
8.202,-0.23
8.204,0.08
8.206,0.01
8.208,-0.19
8.21,-0.36
8.212,-0.27
8.214,-0.01
8.216,0.03
8.218,-0.16
8.22,-0.27
8.222,-0.23
8.224,-0.19
8.226,-0.03
8.228,-0.01
8.23,-0.19
8.232,-0.25
8.234,-0.27
8.236,-0.14
8.238,0.01
8.24,-0.1
8.242,-0.23
8.244,-0.25
8.246,-0.14
8.248,-0.1
8.25,-0.1
8.252,-0.21
8.254,-0.23
8.256,-0.23
8.258,-0.19
8.26,-0.1
8.262,-0.08
8.264,-0.1
8.266,-0.25
8.268,-0.34
8.27,-0.21
8.272,0.01
8.274,-0.14
8.276,-0.27
8.278,-0.43
8.28,-0.3
8.282,0.05
8.284,-0.03
8.286,-0.23
8.288,-0.36
8.29,-0.27
8.292,-0.21
8.294,-0.03
8.296,-0.12
8.298,-0.25
8.3,-0.36
8.302,-0.3
8.304,-0.05
8.306,0.03
8.308,-0.14
8.31,-0.43
8.312,-0.34
8.314,-0.1
8.316,0.08
8.318,-0.12
8.32,-0.3
8.322,-0.32
8.324,-0.16
8.326,0.03
8.328,-0.1
8.33,-0.19
8.332,-0.19
8.334,-0.19
8.336,-0.12
8.338,-0.03
8.34,-0.08
8.342,-0.14
8.344,-0.19
8.346,-0.23
8.348,-0.1
8.35,-0.01
8.352,-0.14
8.354,-0.25
8.356,-0.23
8.358,-0.14
8.36,-0.12
8.362,-0.14
8.364,-0.23
8.366,-0.27
8.368,-0.34
8.37,-0.21
8.372,-0.14
8.374,-0.19
8.376,-0.27
8.378,-0.45
8.38,-0.3
8.382,-0.08
8.384,-0.03
8.386,-0.25
8.388,-0.41
8.39,-0.34
8.392,-0.05
8.394,0.05
8.396,-0.19
8.398,-0.34
8.4,-0.32
8.402,-0.14
8.404,-0.01
8.406,-0.03
8.408,-0.23
8.41,-0.3
8.412,-0.23
8.414,-0.14
8.416,-0.01
8.418,-0.1
8.42,-0.27
8.422,-0.36
8.424,-0.19
8.426,0.01
8.428,-0.1
8.43,-0.23
8.432,-0.32
8.434,-0.21
8.436,-0.12
8.438,-0.08
8.44,-0.21
8.442,-0.19
8.444,-0.14
8.446,-0.21
8.448,-0.14
8.45,-0.12
8.452,-0.16
8.454,-0.23
8.456,-0.23
8.458,-0.21
8.46,-0.01
8.462,-0.1
8.464,-0.23
8.466,-0.3
8.468,-0.27
8.47,-0.1
8.472,-0.16
8.474,-0.21
8.476,-0.32
8.478,-0.27
8.48,-0.21
8.482,-0.1
8.484,-0.12
8.486,-0.19
8.488,-0.32
8.49,-0.34
8.492,-0.08
8.494,-0.01
8.496,-0.16
8.498,-0.34
8.5,-0.36
8.502,-0.19
8.504,0.08
8.506,-0.05
8.508,-0.27
8.51,-0.3
8.512,-0.21
8.514,-0.05
8.516,-0.03
8.518,-0.1
8.52,-0.19
8.522,-0.23
8.524,-0.1
8.526,-0.03
8.528,-0.03
8.53,-0.12
8.532,-0.23
8.534,-0.19
8.536,-0.03
8.538,0.03
8.54,-0.12
8.542,-0.21
8.544,-0.21
8.546,-0.08
8.548,-0.01
8.55,-0.12
8.552,-0.21
8.554,-0.12
8.556,-0.16
8.558,-0.19
8.56,-0.1
8.562,-0.14
8.564,-0.14
8.566,-0.3
8.568,-0.25
8.57,-0.19
8.572,-0.05
8.574,-0.19
8.576,-0.34
8.578,-0.3
8.58,-0.19
8.582,-0.05
8.584,-0.1
8.586,-0.23
8.588,-0.34
8.59,-0.23
8.592,-0.08
8.594,-0.05
8.596,-0.14
8.598,-0.27
8.6,-0.32
8.602,-0.21
8.604,0.05
8.606,-0.03
8.608,-0.23
8.61,-0.36
8.612,-0.25
8.614,0.03
8.616,0.01
8.618,-0.23
8.62,-0.41
8.622,-0.23
8.624,-0.08
8.626,-0.01
8.628,-0.16
8.63,-0.32
8.632,-0.27
8.634,-0.19
8.636,-0.05
8.638,-0.08
8.64,-0.16
8.642,-0.3
8.644,-0.27
8.646,-0.1
8.648,0.05
8.65,-0.12
8.652,-0.23
8.654,-0.27
8.656,-0.23
8.658,-0.03
8.66,-0.1
8.662,-0.21
8.664,-0.25
8.666,-0.21
8.668,-0.21
8.67,-0.12
8.672,-0.1
8.674,-0.16
8.676,-0.23
8.678,-0.34
8.68,-0.25
8.682,-0.05
8.684,-0.08
8.686,-0.25
8.688,-0.38
8.69,-0.27
8.692,-0.1
8.694,-0.1
8.696,-0.21
8.698,-0.27
8.7,-0.32
8.702,-0.19
8.704,-0.08
8.706,-0.12
8.708,-0.21
8.71,-0.36
8.712,-0.27
8.714,-0.08
8.716,0.01
8.718,-0.19
8.72,-0.36
8.722,-0.34
8.724,-0.16
8.726,0.08
8.728,-0.12
8.73,-0.34
8.732,-0.36
8.734,-0.14
8.736,-0.05
8.738,-0.08
8.74,-0.25
8.742,-0.3
8.744,-0.21
8.746,-0.14
8.748,-0.1
8.75,-0.21
8.752,-0.27
8.754,-0.38
8.756,-0.27
8.758,-0.14
8.76,-0.12
8.762,-0.27
8.764,-0.38
8.766,-0.32
8.768,-0.23
8.77,-0.14
8.772,-0.3
8.774,-0.32
8.776,-0.25
8.778,-0.25
8.78,-0.21
8.782,-0.16
8.784,-0.16
8.786,-0.21
8.788,-0.27
8.79,-0.27
8.792,-0.12
8.794,-0.08
8.796,-0.14
8.798,-0.3
8.8,-0.27
8.802,-0.05
8.804,-0.01
8.806,-0.08
8.808,-0.25
8.81,-0.3
8.812,-0.14
8.814,0.01
8.816,-0.03
8.818,-0.16
8.82,-0.21
8.822,-0.25
8.824,-0.03
8.826,0.12
8.828,-0.01
8.83,-0.21
8.832,-0.3
8.834,-0.14
8.836,0.1
8.838,0.05
8.84,-0.19
8.842,-0.25
8.844,-0.16
8.846,0.01
8.848,-0.01
8.85,-0.12
8.852,-0.19
8.854,-0.19
8.856,-0.14
8.858,-0.1
8.86,-0.1
8.862,-0.12
8.864,-0.14
8.866,-0.25
8.868,-0.19
8.87,-0.03
8.872,-0.1
8.874,-0.16
8.876,-0.25
8.878,-0.21
8.88,-0.05
8.882,-0.03
8.884,-0.19
8.886,-0.19
8.888,-0.19
8.89,-0.19
8.892,-0.08
8.894,-0.08
8.896,-0.14
8.898,-0.3
8.9,-0.27
8.902,-0.14
8.904,0.03
8.906,-0.08
8.908,-0.3
8.91,-0.34
8.912,-0.16
8.914,0.05
8.916,-0.1
8.918,-0.27
8.92,-0.36
8.922,-0.21
8.924,-0.03
8.926,-0.01
8.928,-0.19
8.93,-0.3
8.932,-0.32
8.934,-0.23
8.936,-0.05
8.938,-0.12
8.94,-0.27
8.942,-0.38
8.944,-0.3
8.946,-0.16
8.948,-0.05
8.95,-0.23
8.952,-0.38
8.954,-0.27
8.956,-0.16
8.958,-0.14
8.96,-0.25
8.962,-0.3
8.964,-0.25
8.966,-0.23
8.968,-0.19
8.97,-0.19
8.972,-0.16
8.974,-0.19
8.976,-0.32
8.978,-0.32
8.98,-0.14
8.982,-0.08
8.984,-0.16
8.986,-0.27
8.988,-0.34
8.99,-0.19
8.992,-0.05
8.994,-0.08
8.996,-0.21
8.998,-0.25
9,-0.25
9.002,-0.12
9.004,-0.03
9.006,-0.12
9.008,-0.19
9.01,-0.27
9.012,-0.12
9.014,0.03
9.016,0.01
9.018,-0.16
9.02,-0.34
9.022,-0.19
9.024,0.05
9.026,0.03
9.028,-0.19
9.03,-0.32
9.032,-0.27
9.034,-0.05
9.036,-0.01
9.038,-0.19
9.04,-0.25
9.042,-0.27
9.044,-0.25
9.046,-0.16
9.048,-0.1
9.05,-0.23
9.052,-0.3
9.054,-0.32
9.056,-0.23
9.058,-0.05
9.06,-0.1
9.062,-0.19
9.064,-0.3
9.066,-0.21
9.068,-0.1
9.07,-0.1
9.072,-0.19
9.074,-0.21
9.076,-0.21
9.078,-0.16
9.08,-0.08
9.082,-0.1
9.084,-0.08
9.086,-0.23
9.088,-0.3
9.09,-0.16
9.092,-0.01
9.094,-0.14
9.096,-0.3
9.098,-0.36
9.1,-0.3
9.102,0.01
9.104,-0.05
9.106,-0.21
9.108,-0.27
9.11,-0.23
9.112,-0.14
9.114,-0.03
9.116,-0.12
9.118,-0.25
9.12,-0.27
9.122,-0.21
9.124,-0.03
9.126,0.01
9.128,-0.12
9.13,-0.27
9.132,-0.25
9.134,-0.03
9.136,0.05
9.138,-0.14
9.14,-0.3
9.142,-0.25
9.144,-0.12
9.146,0.01
9.148,-0.1
9.15,-0.27
9.152,-0.19
9.154,-0.23
9.156,-0.19
9.158,-0.12
9.16,-0.19
9.162,-0.19
9.164,-0.23
9.166,-0.25
9.168,-0.19
9.17,-0.05
9.172,-0.16
9.174,-0.23
9.176,-0.25
9.178,-0.19
9.18,-0.1
9.182,-0.1
9.184,-0.16
9.186,-0.25
9.188,-0.27
9.19,-0.21
9.192,-0.1
9.194,-0.1
9.196,-0.12
9.198,-0.32
9.2,-0.27
9.202,-0.03
9.204,0.01
9.206,-0.12
9.208,-0.34
9.21,-0.34
9.212,-0.12
9.214,0.05
9.216,-0.12
9.218,-0.27
9.22,-0.32
9.222,-0.21
9.224,-0.05
9.226,-0.1
9.228,-0.23
9.23,-0.34
9.232,-0.3
9.234,-0.16
9.236,-0.03
9.238,-0.1
9.24,-0.27
9.242,-0.36
9.244,-0.23
9.246,-0.01
9.248,-0.1
9.25,-0.23
9.252,-0.34
9.254,-0.27
9.256,-0.08
9.258,-0.03
9.26,-0.19
9.262,-0.23
9.264,-0.16
9.266,-0.19
9.268,-0.1
9.27,-0.08
9.272,-0.14
9.274,-0.19
9.276,-0.19
9.278,-0.19
9.28,-0.05
9.282,-0.08
9.284,-0.21
9.286,-0.23
9.288,-0.21
9.29,-0.08
9.292,-0.12
9.294,-0.16
9.296,-0.19
9.298,-0.19
9.3,-0.14
9.302,-0.1
9.304,-0.08
9.306,-0.08
9.308,-0.16
9.31,-0.25
9.312,-0.1
9.314,0.01
9.316,-0.08
9.318,-0.21
9.32,-0.27
9.322,-0.14
9.324,0.05
9.326,-0.03
9.328,-0.25
9.33,-0.27
9.332,-0.19
9.334,-0.1
9.336,-0.08
9.338,-0.25
9.34,-0.32
9.342,-0.34
9.344,-0.21
9.346,-0.16
9.348,-0.19
9.35,-0.27
9.352,-0.41
9.354,-0.34
9.356,-0.23
9.358,-0.16
9.36,-0.32
9.362,-0.38
9.364,-0.36
9.366,-0.25
9.368,-0.14
9.37,-0.25
9.372,-0.32
9.374,-0.3
9.376,-0.25
9.378,-0.25
9.38,-0.12
9.382,-0.19
9.384,-0.19
9.386,-0.27
9.388,-0.32
9.39,-0.16
9.392,-0.05
9.394,-0.12
9.396,-0.3
9.398,-0.3
9.4,-0.19
9.402,-0.05
9.404,-0.1
9.406,-0.23
9.408,-0.3
9.41,-0.21
9.412,-0.05
9.414,-0.03
9.416,-0.08
9.418,-0.21
9.42,-0.27
9.422,-0.16
9.424,0.03
9.426,-0.01
9.428,-0.21
9.43,-0.3
9.432,-0.23
9.434,0.01
9.436,0.01
9.438,-0.16
9.44,-0.3
9.442,-0.21
9.444,-0.05
9.446,-0.01
9.448,-0.08
9.45,-0.21
9.452,-0.21
9.454,-0.19
9.456,-0.1
9.458,-0.08
9.46,-0.08
9.462,-0.16
9.464,-0.23
9.466,-0.14
9.468,-0.05
9.47,-0.1
9.472,-0.19
9.474,-0.23
9.476,-0.23
9.478,-0.1
9.48,-0.08
9.482,-0.16
9.484,-0.12
9.486,-0.14
9.488,-0.19
9.49,-0.12
9.492,-0.08
9.494,-0.1
9.496,-0.19
9.498,-0.25
9.5,-0.23
9.502,-0.03
9.504,-0.05
9.506,-0.21
9.508,-0.3
9.51,-0.23
9.512,-0.05
9.514,-0.05
9.516,-0.21
9.518,-0.32
9.52,-0.27
9.522,-0.16
9.524,-0.08
9.526,-0.21
9.528,-0.23
9.53,-0.32
9.532,-0.3
9.534,-0.12
9.536,-0.1
9.538,-0.21
9.54,-0.34
9.542,-0.32
9.544,-0.19
9.546,-0.03
9.548,-0.23
9.55,-0.36
9.552,-0.3
9.554,-0.14
9.556,-0.08
9.558,-0.12
9.56,-0.23
9.562,-0.27
9.564,-0.19
9.566,-0.14
9.568,-0.08
9.57,-0.12
9.572,-0.14
9.574,-0.3
9.576,-0.3
9.578,-0.1
9.58,-0.03
9.582,-0.1
9.584,-0.23
9.586,-0.27
9.588,-0.19
9.59,-0.03
9.592,-0.1
9.594,-0.21
9.596,-0.21
9.598,-0.23
9.6,-0.16
9.602,-0.05
9.604,-0.1
9.606,-0.16
9.608,-0.25
9.61,-0.25
9.612,-0.08
9.614,-0.01
9.616,-0.16
9.618,-0.3
9.62,-0.25
9.622,-0.08
9.624,-0.03
9.626,-0.16
9.628,-0.27
9.63,-0.32
9.632,-0.16
9.634,-0.05
9.636,-0.12
9.638,-0.25
9.64,-0.23
9.642,-0.23
9.644,-0.14
9.646,-0.08
9.648,-0.23
9.65,-0.3
9.652,-0.3
9.654,-0.23
9.656,-0.12
9.658,-0.12
9.66,-0.3
9.662,-0.3
9.664,-0.19
9.666,-0.12
9.668,-0.16
9.67,-0.23
9.672,-0.23
9.674,-0.21
9.676,-0.19
9.678,-0.21
9.68,-0.16
9.682,-0.1
9.684,-0.14
9.686,-0.21
9.688,-0.23
9.69,-0.1
9.692,-0.1
9.694,-0.14
9.696,-0.23
9.698,-0.27
9.7,-0.12
9.702,-0.08
9.704,-0.16
9.706,-0.21
9.708,-0.21
9.71,-0.25
9.712,-0.12
9.714,-0.14
9.716,-0.21
9.718,-0.3
9.72,-0.32
9.722,-0.19
9.724,-0.05
9.726,-0.1
9.728,-0.34
9.73,-0.34
9.732,-0.19
9.734,0.01
9.736,-0.1
9.738,-0.27
9.74,-0.3
9.742,-0.21
9.744,-0.03
9.746,-0.08
9.748,-0.21
9.75,-0.21
9.752,-0.19
9.754,-0.14
9.756,-0.03
9.758,-0.08
9.76,-0.16
9.762,-0.19
9.764,-0.21
9.766,-0.12
9.768,-0.03
9.77,-0.14
9.772,-0.23
9.774,-0.19
9.776,-0.12
9.778,-0.08
9.78,-0.08
9.782,-0.19
9.784,-0.19
9.786,-0.16
9.788,-0.14
9.79,-0.1
9.792,-0.12
9.794,-0.12
9.796,-0.19
9.798,-0.16
9.8,-0.03
9.802,0.03
9.804,-0.08
9.806,-0.14
9.808,-0.21
9.81,-0.14
9.812,-0.01
9.814,-0.1
9.816,-0.19
9.818,-0.21
9.82,-0.21
9.822,-0.16
9.824,-0.03
9.826,-0.14
9.828,-0.23
9.83,-0.32
9.832,-0.3
9.834,-0.12
9.836,-0.12
9.838,-0.27
9.84,-0.43
9.842,-0.32
9.844,-0.12
9.846,-0.05
9.848,-0.23
9.85,-0.36
9.852,-0.34
9.854,-0.19
9.856,-0.1
9.858,-0.23
9.86,-0.3
9.862,-0.3
9.864,-0.25
9.866,-0.16
9.868,-0.12
9.87,-0.19
9.872,-0.27
9.874,-0.27
9.876,-0.3
9.878,-0.14
9.88,-0.12
9.882,-0.23
9.884,-0.27
9.886,-0.23
9.888,-0.16
9.89,-0.14
9.892,-0.16
9.894,-0.23
9.896,-0.23
9.898,-0.23
9.9,-0.19
9.902,-0.16
9.904,-0.14
9.906,-0.23
9.908,-0.32
9.91,-0.21
9.912,-0.1
9.914,-0.1
9.916,-0.23
9.918,-0.32
9.92,-0.3
9.922,-0.08
9.924,-0.08
9.926,-0.25
9.928,-0.27
9.93,-0.25
9.932,-0.14
9.934,-0.05
9.936,-0.14
9.938,-0.23
9.94,-0.23
9.942,-0.19
9.944,-0.08
9.946,-0.05
9.948,-0.14
9.95,-0.27
9.952,-0.25
9.954,-0.05
9.956,0.03
9.958,-0.08
9.96,-0.21
9.962,-0.21
9.964,-0.08
9.966,0.01
9.968,-0.05
9.97,-0.21
9.972,-0.14
9.974,-0.1
9.976,-0.08
9.978,-0.01
9.98,-0.05
9.982,-0.03
9.984,-0.1
9.986,-0.1
9.988,-0.05
9.99,0.03
9.992,-0.05
9.994,-0.14
9.996,-0.12
9.998,-0.08
10,-0.03
