0,-0.25
0.0005,-0.27
0.001,-0.23
0.0015,-0.27
0.002,-0.23
0.0025,-0.21
0.003,-0.21
0.0035,-0.19
0.004,-0.21
0.0045,-0.19
0.005,-0.21
0.0055,-0.16
0.006,-0.21
0.0065,-0.19
0.007,-0.19
0.0075,-0.19
0.008,-0.19
0.0085,-0.21
0.009,-0.19
0.0095,-0.21
0.01,-0.19
0.0105,-0.21
0.011,-0.19
0.0115,-0.23
0.012,-0.23
0.0125,-0.23
0.013,-0.25
0.0135,-0.25
0.014,-0.3
0.0145,-0.27
0.015,-0.3
0.0155,-0.27
0.016,-0.3
0.0165,-0.27
0.017,-0.27
0.0175,-0.27
0.018,-0.25
0.0185,-0.25
0.019,-0.23
0.0195,-0.25
0.02,-0.23
0.0205,-0.25
0.021,-0.21
0.0215,-0.23
0.022,-0.19
0.0225,-0.16
0.023,-0.16
0.0235,-0.14
0.024,-0.14
0.0245,-0.12
0.025,-0.14
0.0255,-0.12
0.026,-0.16
0.0265,-0.14
0.027,-0.16
0.0275,-0.16
0.028,-0.16
0.0285,-0.19
0.029,-0.16
0.0295,-0.19
0.03,-0.19
0.0305,-0.21
0.031,-0.19
0.0315,-0.23
0.032,-0.21
0.0325,-0.23
0.033,-0.23
0.0335,-0.25
0.034,-0.27
0.0345,-0.25
0.035,-0.27
0.0355,-0.25
0.036,-0.27
0.0365,-0.27
0.037,-0.27
0.0375,-0.27
0.038,-0.25
0.0385,-0.27
0.039,-0.25
0.0395,-0.27
0.04,-0.23
0.0405,-0.25
0.041,-0.23
0.0415,-0.25
0.042,-0.21
0.0425,-0.19
0.043,-0.21
0.0435,-0.16
0.044,-0.19
0.0445,-0.16
0.045,-0.19
0.0455,-0.16
0.046,-0.19
0.0465,-0.16
0.047,-0.19
0.0475,-0.19
0.048,-0.19
0.0485,-0.21
0.049,-0.16
0.0495,-0.21
0.05,-0.19
0.0505,-0.21
0.051,-0.19
0.0515,-0.23
0.052,-0.23
0.0525,-0.23
0.053,-0.25
0.0535,-0.27
0.054,-0.3
0.0545,-0.27
0.055,-0.3
0.0555,-0.25
0.056,-0.27
0.0565,-0.25
0.057,-0.25
0.0575,-0.25
0.058,-0.23
0.0585,-0.25
0.059,-0.23
0.0595,-0.25
0.06,-0.23
0.0605,-0.25
0.061,-0.23
0.0615,-0.23
0.062,-0.21
0.0625,-0.19
0.063,-0.19
0.0635,-0.16
0.064,-0.16
0.0645,-0.14
0.065,-0.16
0.0655,-0.12
0.066,-0.16
0.0665,-0.14
0.067,-0.14
0.0675,-0.16
0.068,-0.16
0.0685,-0.19
0.069,-0.14
0.0695,-0.19
0.07,-0.14
0.0705,-0.19
0.071,-0.14
0.0715,-0.19
0.072,-0.19
0.0725,-0.19
0.073,-0.21
0.0735,-0.21
0.074,-0.23
0.0745,-0.21
0.075,-0.23
0.0755,-0.21
0.076,-0.23
0.0765,-0.21
0.077,-0.21
0.0775,-0.23
0.078,-0.19
0.0785,-0.21
0.079,-0.19
0.0795,-0.21
0.08,-0.16
0.0805,-0.21
0.081,-0.16
0.0815,-0.16
0.082,-0.14
0.0825,-0.12
0.083,-0.14
0.0835,-0.1
0.084,-0.12
0.0845,-0.1
0.085,-0.12
0.0855,-0.08
0.086,-0.12
0.0865,-0.1
0.087,-0.1
0.0875,-0.1
0.088,-0.1
0.0885,-0.12
0.089,-0.1
0.0895,-0.12
0.09,-0.1
0.0905,-0.12
0.091,-0.1
0.0915,-0.12
0.092,-0.14
0.0925,-0.14
0.093,-0.16
0.0935,-0.16
0.094,-0.19
0.0945,-0.19
0.095,-0.19
0.0955,-0.16
0.096,-0.19
0.0965,-0.19
0.097,-0.16
0.0975,-0.16
0.098,-0.14
0.0985,-0.16
0.099,-0.14
0.0995,-0.16
0.1,-0.14
0.1005,-0.16
0.101,-0.14
0.1015,-0.12
0.102,-0.12
0.1025,-0.1
0.103,-0.1
0.1035,-0.05
0.104,-0.08
0.1045,-0.05
0.105,-0.08
0.1055,-0.03
0.106,-0.05
0.1065,-0.05
0.107,-0.05
0.1075,-0.08
0.108,-0.05
0.1085,-0.1
0.109,-0.08
0.1095,-0.12
0.11,-0.08
0.1105,-0.12
0.111,-0.1
0.1115,-0.12
0.112,-0.14
0.1125,-0.14
0.113,-0.16
0.1135,-0.14
0.114,-0.16
0.1145,-0.14
0.115,-0.16
0.1155,-0.14
0.116,-0.14
0.1165,-0.14
0.117,-0.12
0.1175,-0.14
0.118,-0.12
0.1185,-0.14
0.119,-0.12
0.1195,-0.12
0.12,-0.1
0.1205,-0.12
0.121,-0.1
0.1215,-0.08
0.122,-0.08
0.1225,-0.05
0.123,-0.05
0.1235,-0.01
0.124,-0.03
0.1245,-0.01
0.125,-0.03
0.1255,-0.01
0.126,-0.03
0.1265,-0.03
0.127,-0.03
0.1275,-0.05
0.128,-0.03
0.1285,-0.05
0.129,-0.03
0.1295,-0.08
0.13,-0.05
0.1305,-0.08
0.131,-0.08
0.1315,-0.1
0.132,-0.12
0.1325,-0.12
0.133,-0.16
0.1335,-0.14
0.134,-0.19
0.1345,-0.14
0.135,-0.19
0.1355,-0.16
0.136,-0.16
0.1365,-0.16
0.137,-0.16
0.1375,-0.16
0.138,-0.14
0.1385,-0.16
0.139,-0.14
0.1395,-0.16
0.14,-0.14
0.1405,-0.16
0.141,-0.14
0.1415,-0.12
0.142,-0.12
0.1425,-0.1
0.143,-0.12
0.1435,-0.08
0.144,-0.1
0.1445,-0.08
0.145,-0.1
0.1455,-0.1
0.146,-0.1
0.1465,-0.1
0.147,-0.1
0.1475,-0.12
0.148,-0.1
0.1485,-0.14
0.149,-0.12
0.1495,-0.16
0.15,-0.14
0.1505,-0.14
0.151,-0.16
0.1515,-0.16
0.152,-0.21
0.1525,-0.19
0.153,-0.25
0.1535,-0.21
0.154,-0.27
0.1545,-0.23
0.155,-0.27
0.1555,-0.25
0.156,-0.23
0.1565,-0.25
0.157,-0.23
0.1575,-0.25
0.158,-0.23
0.1585,-0.23
0.159,-0.23
0.1595,-0.25
0.16,-0.21
0.1605,-0.23
0.161,-0.23
0.1615,-0.19
0.162,-0.21
0.1625,-0.16
0.163,-0.19
0.1635,-0.14
0.164,-0.16
0.1645,-0.14
0.165,-0.16
0.1655,-0.16
0.166,-0.14
0.1665,-0.19
0.167,-0.16
0.1675,-0.21
0.168,-0.16
0.1685,-0.21
0.169,-0.16
0.1695,-0.21
0.17,-0.19
0.1705,-0.21
0.171,-0.19
0.1715,-0.21
0.172,-0.25
0.1725,-0.23
0.173,-0.27
0.1735,-0.25
0.174,-0.3
0.1745,-0.27
0.175,-0.3
0.1755,-0.27
0.176,-0.27
0.1765,-0.27
0.177,-0.25
0.1775,-0.27
0.178,-0.23
0.1785,-0.25
0.179,-0.23
0.1795,-0.25
0.18,-0.23
0.1805,-0.25
0.181,-0.25
0.1815,-0.21
0.182,-0.23
0.1825,-0.19
0.183,-0.19
0.1835,-0.14
0.184,-0.19
0.1845,-0.14
0.185,-0.19
0.1855,-0.16
0.186,-0.16
0.1865,-0.16
0.187,-0.16
0.1875,-5.07
0.188,1.18
0.1885,8.71
0.189,-1.51
0.1895,-2.25
0.19,2.98
0.1905,-2.91
0.191,-10.3
0.1915,-4.96
0.192,8.96
0.1925,8.93
0.193,1.33
0.1935,-6.74
0.194,-8.43
0.1945,-1.37
0.195,5.26
0.1955,4.21
0.196,0.41
0.1965,-5.09
0.197,-4.23
0.1975,-0.63
0.198,2.6
0.1985,0.96
0.199,-0.93
0.1995,-1.24
0.2,0.65
0.2005,-1.42
0.201,-3.68
0.2015,-0.67
0.202,2.58
0.2025,4.03
0.203,1
0.2035,-4.78
0.204,-5.57
0.2045,0.76
0.205,6.34
0.2055,3.77
0.206,-3.66
0.2065,-6.8
0.207,-1.26
0.2075,5.2
0.208,4.85
0.2085,-0.19
0.209,-4.38
0.2095,-3.53
0.21,1.31
0.2105,3.68
0.211,1.37
0.2115,-1.97
0.212,-0.93
0.2125,0.74
0.213,0.36
0.2135,-1.88
0.214,-1.48
0.2145,2.1
0.215,3.99
0.2155,0.82
0.216,-4.01
0.2165,-4.45
0.217,1.09
0.2175,5.55
0.218,3.22
0.2185,-3
0.219,-5.99
0.2195,-1.95
0.22,4.3
0.2205,3.97
0.221,-1.13
0.2215,-3.73
0.222,-1.95
0.2225,1.95
0.223,1.97
0.2235,-1.09
0.224,-2.14
0.2245,-0.1
0.225,1.73
0.2255,0.82
0.226,-2.1
0.2265,-2.76
0.227,0.82
0.2275,3.92
0.228,2.1
0.2285,-3.84
0.229,-5.79
0.2295,-0.32
0.23,5.48
0.2305,4.01
0.231,-2.69
0.2315,-6.16
0.232,-2.63
0.2325,3.79
0.233,4.87
0.2335,0.03
0.234,-4.19
0.2345,-3.77
0.235,0.45
0.2355,2.96
0.236,0.65
0.2365,-2.23
0.237,-1.24
0.2375,0.91
0.238,0.69
0.2385,-1.88
0.239,-2.38
0.2395,1.13
0.24,3.53
0.2405,1.2
0.241,-3.64
0.2415,-5
0.242,-0.01
0.2425,5.42
0.243,4.45
0.2435,-2.25
0.244,-6.52
0.2445,-2.98
0.245,4.3
0.2455,5.95
0.246,0.1
0.2465,-4.78
0.247,-3.73
0.2475,0.96
0.248,3.66
0.2485,1.09
0.249,-1.88
0.2495,-1.42
0.25,0.6
0.2505,0.98
0.251,-1.13
0.2515,-1.86
0.252,0.87
0.2525,3.2
0.253,1.18
0.2535,-3.13
0.254,-4.52
0.2545,-0.1
0.255,5.02
0.2555,3.97
0.256,-2.36
0.2565,-6.05
0.257,-2.69
0.2575,3.73
0.258,5.37
0.2585,0.08
0.259,-4.69
0.2595,-3.84
0.26,1.07
0.2605,3.99
0.261,1.13
0.2615,-2.56
0.262,-2.27
0.2625,0.38
0.263,1.57
0.2635,-0.25
0.264,-2.12
0.2645,-0.23
0.265,2.43
0.2655,1.46
0.266,-2.32
0.2665,-4.03
0.267,-0.47
0.2675,4.03
0.268,3.53
0.2685,-2.05
0.269,-5.29
0.2695,-2.43
0.27,3.26
0.2705,4.91
0.271,-0.25
0.2715,-4.74
0.272,-3.59
0.2725,1.37
0.273,4.08
0.2735,0.89
0.274,-3.18
0.2745,-2.71
0.275,0.63
0.2755,2.27
0.276,0.1
0.2765,-2.54
0.277,-1.33
0.2775,1.68
0.278,1.81
0.2785,-1.37
0.279,-3.33
0.2795,-1
0.28,3.13
0.2805,3.13
0.281,-1.53
0.2815,-4.47
0.282,-2.14
0.2825,2.87
0.283,4.6
0.2835,0.08
0.284,-4.32
0.2845,-3.15
0.285,1.55
0.2855,4.23
0.286,1.15
0.2865,-3.18
0.287,-2.78
0.2875,0.87
0.288,2.82
0.2885,0.63
0.289,-2.45
0.2895,-1.79
0.29,1.48
0.2905,2.34
0.291,-0.56
0.2915,-3
0.292,-1.55
0.2925,2.36
0.293,3.15
0.2935,-1.02
0.294,-4.27
0.2945,-2.36
0.295,2.41
0.2955,4.19
0.296,-0.08
0.2965,-4.32
0.297,-3.13
0.2975,1.35
0.298,3.99
0.2985,1
0.299,-3.42
0.2995,-3.22
0.3,0.76
0.3005,3.02
0.301,0.78
0.3015,-2.56
0.302,-2.34
0.3025,1.13
0.303,2.43
0.3035,-0.21
0.304,-2.78
0.3045,-1.68
0.305,1.99
0.3055,3.18
0.306,-0.6
0.3065,-3.88
0.307,-2.1
0.3075,2.32
0.308,4.16
0.3085,0.19
0.309,-4.23
0.3095,-3.18
0.31,1.53
0.3105,4.25
0.311,1.31
0.3115,-3.35
0.312,-3.48
0.3125,0.69
0.313,3.29
0.3135,1.04
0.314,-2.54
0.3145,-2.67
0.315,0.82
0.3155,2.63
0.316,0.03
0.3165,-2.87
0.317,-1.95
0.3175,1.57
0.318,3.07
0.3185,-0.47
0.319,-3.9
0.3195,-2.34
0.32,2.1
0.3205,3.95
0.321,0.08
0.3215,-4.27
0.322,-3.18
0.3225,1.79
0.323,4.3
0.3235,1.04
0.324,-3.57
0.3245,-3.44
0.325,1.02
0.3255,3.64
0.326,1.18
0.3265,-2.71
0.327,-2.87
0.3275,0.78
0.328,3.04
0.3285,0.43
0.329,-2.76
0.3295,-2.1
0.33,1.33
0.3305,3
0.331,-0.14
0.3315,-3.53
0.332,-2.25
0.3325,1.75
0.333,3.53
0.3335,0.08
0.334,-4.1
0.3345,-3.07
0.335,1.64
0.3355,3.81
0.336,0.6
0.3365,-3.77
0.337,-3.44
0.3375,1.02
0.338,3.59
0.3385,0.82
0.339,-3.04
0.3395,-3.07
0.34,0.67
0.3405,3.13
0.341,0.47
0.3415,-2.91
0.342,-2.41
0.3425,1.09
0.343,2.96
0.3435,0.14
0.344,-3.33
0.3445,-2.25
0.345,1.62
0.3455,3.22
0.346,0.16
0.3465,-3.66
0.347,-2.71
0.3475,1.62
0.348,3.62
0.3485,0.49
0.349,-3.48
0.3495,-3.13
0.35,1.13
0.3505,3.62
0.351,0.74
0.3515,-3.04
0.352,-3
0.3525,0.69
0.353,3.07
0.3535,0.63
0.354,-2.85
0.3545,-2.49
0.355,0.8
0.3555,2.71
0.356,0.32
0.3565,-3.13
0.357,-2.32
0.3575,1.26
0.358,2.96
0.3585,0.21
0.359,-3.35
0.3595,-2.67
0.36,1.35
0.3605,3.33
0.361,0.41
0.3615,-3.24
0.362,-3.02
0.3625,1.02
0.363,3.44
0.3635,0.74
0.364,-2.93
0.3645,-2.85
0.365,0.63
0.3655,3.07
0.366,0.8
0.3665,-2.71
0.367,-2.49
0.3675,0.6
0.368,2.71
0.3685,0.6
0.369,-2.78
0.3695,-2.38
0.37,0.98
0.3705,2.76
0.371,0.36
0.3715,-2.96
0.372,-2.65
0.3725,1.07
0.373,3.04
0.3735,0.45
0.374,-3.04
0.3745,-2.98
0.375,0.69
0.3755,3.2
0.376,0.85
0.3765,-2.85
0.377,-2.91
0.3775,0.3
0.378,2.93
0.3785,1.02
0.379,-2.54
0.3795,-2.65
0.38,0.32
0.3805,2.56
0.381,0.82
0.3815,-2.43
0.382,-2.45
0.3825,0.74
0.383,2.6
0.3835,0.63
0.384,-2.54
0.3845,-2.54
0.385,0.93
0.3855,3.09
0.386,0.71
0.3865,-2.76
0.387,-2.76
0.3875,0.67
0.388,3.24
0.3885,1.04
0.389,-2.67
0.3895,-2.85
0.39,0.32
0.3905,3.02
0.391,1.29
0.3915,-2.36
0.392,-2.76
0.3925,0.23
0.393,2.52
0.3935,1
0.394,-2.21
0.3945,-2.56
0.395,0.45
0.3955,2.49
0.396,0.76
0.3965,-2.38
0.397,-2.54
0.3975,0.65
0.398,2.89
0.3985,0.76
0.399,-2.58
0.3995,-2.71
0.4,0.49
0.4005,3.09
0.401,1.09
0.4015,-2.52
0.402,-2.87
0.4025,0.25
0.403,2.91
0.4035,1.42
0.404,-2.21
0.4045,-2.78
0.405,0.16
0.4055,2.58
0.406,1.31
0.4065,-2.03
0.407,-2.63
0.4075,0.3
0.408,2.54
0.4085,0.96
0.409,-2.16
0.4095,-2.56
0.41,0.38
0.4105,2.78
0.411,0.87
0.4115,-2.41
0.412,-2.76
0.4125,0.25
0.413,2.87
0.4135,1.13
0.414,-2.52
0.4145,-2.96
0.415,0.1
0.4155,2.71
0.416,1.4
0.4165,-2.23
0.417,-2.91
0.4175,0.03
0.418,2.54
0.4185,1.35
0.419,-1.92
0.4195,-2.71
0.42,0.1
0.4205,2.56
0.421,1.09
0.4215,-1.9
0.422,-2.49
0.4225,0.27
0.423,2.76
0.4235,1.18
0.424,-2.03
0.4245,-2.47
0.425,0.34
0.4255,2.89
0.426,1.44
0.4265,-2.16
0.427,-2.65
0.4275,0.27
0.428,2.8
0.4285,1.57
0.429,-1.95
0.4295,-2.76
0.43,0.1
0.4305,2.65
0.431,1.42
0.4315,-1.73
0.432,-2.69
0.4325,-0.01
0.433,2.49
0.4335,1.15
0.434,-1.86
0.4345,-2.56
0.435,-0.01
0.4355,2.49
0.436,1.15
0.4365,-2.1
0.437,-2.56
0.4375,0.12
0.438,2.54
0.4385,1.29
0.439,-2.1
0.4395,-2.71
0.44,0.08
0.4405,2.54
0.441,1.4
0.4415,-1.86
0.442,-2.8
0.4425,-0.03
0.443,2.54
0.4435,1.4
0.444,-1.64
0.4445,-2.63
0.445,-0.1
0.4455,2.41
0.446,1.31
0.4465,-1.7
0.447,-2.43
0.4475,-0.08
0.448,2.36
0.4485,1.29
0.449,-1.86
0.4495,-2.45
0.45,0.01
0.4505,2.36
0.451,1.31
0.4515,-1.86
0.452,-2.67
0.4525,-0.03
0.453,2.34
0.4535,1.33
0.454,-1.77
0.4545,-2.82
0.455,-0.21
0.4555,2.3
0.456,1.33
0.4565,-1.64
0.457,-2.65
0.4575,-0.36
0.458,2.19
0.4585,1.29
0.459,-1.62
0.4595,-2.43
0.46,-0.32
0.4605,2.12
0.461,1.26
0.4615,-1.66
0.462,-2.41
0.4625,-0.1
0.463,2.16
0.4635,1.37
0.464,-1.59
0.4645,-2.56
0.465,-0.03
0.4655,2.25
0.466,1.42
0.4665,-1.48
0.467,-2.56
0.4675,-0.23
0.468,2.25
0.4685,1.42
0.469,-1.4
0.4695,-2.45
0.47,-0.43
0.4705,2.1
0.471,1.4
0.4715,-1.44
0.472,-2.38
0.4725,-0.43
0.473,1.86
0.4735,1.29
0.474,-1.51
0.4745,-2.47
0.475,-0.32
0.4755,1.81
0.476,1.29
0.4765,-1.48
0.477,-2.54
0.4775,-0.27
0.478,1.97
0.4785,1.29
0.479,-1.42
0.4795,-2.54
0.48,-0.49
0.4805,2.01
0.481,1.35
0.4815,-1.31
0.482,-2.41
0.4825,-0.54
0.483,1.97
0.4835,1.48
0.484,-1.24
0.4845,-2.32
0.485,-0.47
0.4855,1.75
0.486,1.46
0.4865,-1.22
0.487,-2.34
0.4875,-0.41
0.488,1.73
0.4885,1.35
0.489,-1.2
0.4895,-2.41
0.49,-0.47
0.4905,1.84
0.491,1.31
0.4915,-1.18
0.492,-2.43
0.4925,-0.67
0.493,1.77
0.4935,1.35
0.494,-1.24
0.4945,-2.43
0.495,-0.76
0.4955,1.59
0.496,1.46
0.4965,-1.15
0.497,-2.36
0.4975,-0.71
0.498,1.48
0.4985,1.44
0.499,-1.07
0.4995,-2.38
0.5,-0.67
0.5005,1.53
0.501,1.33
0.5015,-0.98
0.502,-2.32
0.5025,-0.65
0.503,1.66
0.5035,1.4
0.504,-0.93
0.5045,-2.27
0.505,-0.69
0.5055,1.7
0.506,1.57
0.5065,-0.93
0.507,-2.21
0.5075,-0.74
0.508,1.57
0.5085,1.68
0.509,-0.85
0.5095,-2.21
0.51,-0.74
0.5105,1.51
0.511,1.59
0.5115,-0.76
0.512,-2.25
0.5125,-0.76
0.513,1.44
0.5135,1.4
0.514,-0.76
0.5145,-2.27
0.515,-0.85
0.5155,1.46
0.516,1.44
0.5165,-0.82
0.517,-2.21
0.5175,-0.89
0.518,1.46
0.5185,1.57
0.519,-0.85
0.5195,-2.19
0.52,-0.89
0.5205,1.42
0.521,1.66
0.5215,-0.69
0.522,-2.21
0.5225,-0.8
0.523,1.42
0.5235,1.66
0.524,-0.52
0.5245,-2.16
0.525,-0.82
0.5255,1.4
0.526,1.57
0.5265,-0.54
0.527,-2.12
0.5275,-0.91
0.528,1.42
0.5285,1.57
0.529,-0.67
0.5295,-2.1
0.53,-0.96
0.5305,1.37
0.531,1.64
0.5315,-0.67
0.532,-2.21
0.5325,-1.02
0.533,1.24
0.5335,1.59
0.534,-0.6
0.5345,-2.32
0.535,-1.04
0.5355,1.13
0.536,1.55
0.5365,-0.54
0.537,-2.3
0.5375,-1.13
0.538,1.15
0.5385,1.48
0.539,-0.58
0.5395,-2.19
0.54,-1.22
0.5405,1.13
0.541,1.48
0.5415,-0.63
0.542,-2.12
0.5425,-1.13
0.543,1.13
0.5435,1.62
0.544,-0.54
0.5445,-2.19
0.545,-1.07
0.5455,1.09
0.546,1.64
0.5465,-0.45
0.547,-2.23
0.5475,-1.13
0.548,1.09
0.5485,1.59
0.549,-0.38
0.5495,-2.14
0.55,-1.24
0.5505,1.11
0.551,1.53
0.5515,-0.43
0.552,-2.1
0.5525,-1.31
0.553,1
0.5535,1.51
0.554,-0.49
0.5545,-2.14
0.555,-1.24
0.5555,0.91
0.556,1.59
0.5565,-0.47
0.557,-2.16
0.5575,-1.18
0.558,0.96
0.5585,1.59
0.559,-0.34
0.5595,-2.14
0.56,-1.22
0.5605,1.04
0.561,1.59
0.5615,-0.25
0.562,-2.03
0.5625,-1.24
0.563,1.09
0.5635,1.64
0.564,-0.21
0.5645,-1.92
0.565,-1.2
0.5655,1
0.566,1.7
0.5665,-0.25
0.567,-1.95
0.5675,-1.15
0.568,0.93
0.5685,1.7
0.569,-0.23
0.5695,-1.99
0.57,-1.15
0.5705,0.96
0.571,1.64
0.5715,-0.19
0.572,-2.03
0.5725,-1.31
0.573,0.91
0.5735,1.55
0.574,-0.19
0.5745,-2.01
0.575,-1.35
0.5755,0.85
0.576,1.57
0.5765,-0.23
0.577,-1.95
0.5775,-1.35
0.578,0.76
0.5785,1.62
0.579,-0.23
0.5795,-1.9
0.58,-1.29
0.5805,0.76
0.581,1.59
0.5815,-0.12
0.582,-1.9
0.5825,-1.24
0.583,0.87
0.5835,1.62
0.584,0.01
0.5845,-1.88
0.585,-1.24
0.5855,0.91
0.586,1.64
0.5865,-0.01
0.587,-1.79
0.5875,-1.31
0.588,0.8
0.5885,1.7
0.589,-0.05
0.5895,-1.75
0.59,-1.33
0.5905,0.71
0.591,1.66
0.5915,-0.03
0.592,-1.84
0.5925,-1.33
0.593,0.63
0.5935,1.51
0.594,-0.01
0.5945,-1.9
0.595,-1.35
0.5955,0.67
0.596,1.51
0.5965,-0.01
0.597,-1.84
0.5975,-1.4
0.598,0.69
0.5985,1.55
0.599,-0.01
0.5995,-1.73
0.6,-1.42
0.6005,0.65
0.601,1.64
0.6015,0.03
0.602,-1.68
0.6025,-1.33
0.603,0.65
0.6035,1.66
0.604,0.14
0.6045,-1.68
0.605,-1.26
0.6055,0.63
0.606,1.59
0.6065,0.19
0.607,-1.7
0.6075,-1.33
0.608,0.63
0.6085,1.53
0.609,0.14
0.6095,-1.64
0.61,-1.42
0.6105,0.6
0.611,1.57
0.6115,0.08
0.612,-1.64
0.6125,-1.46
0.613,0.49
0.6135,1.53
0.614,0.08
0.6145,-1.73
0.615,-1.42
0.6155,0.41
0.616,1.51
0.6165,0.16
0.617,-1.7
0.6175,-1.4
0.618,0.41
0.6185,1.46
0.619,0.19
0.6195,-1.64
0.62,-1.48
0.6205,0.47
0.621,1.46
0.6215,0.19
0.622,-1.55
0.6225,-1.46
0.623,0.52
0.6235,1.57
0.624,0.25
0.6245,-1.48
0.625,-1.37
0.6255,0.45
0.626,1.62
0.6265,0.27
0.627,-1.51
0.6275,-1.35
0.628,0.38
0.6285,1.57
0.629,0.34
0.6295,-1.53
0.63,-1.4
0.6305,0.41
0.631,1.48
0.6315,0.32
0.632,-1.51
0.6325,-1.53
0.633,0.36
0.6335,1.4
0.634,0.25
0.6345,-1.51
0.635,-1.55
0.6355,0.3
0.636,1.44
0.6365,0.25
0.637,-1.51
0.6375,-1.46
0.638,0.21
0.6385,1.48
0.639,0.3
0.6395,-1.51
0.64,-1.46
0.6405,0.23
0.641,1.42
0.6415,0.41
0.642,-1.44
0.6425,-1.46
0.643,0.34
0.6435,1.42
0.644,0.45
0.6445,-1.33
0.645,-1.46
0.6455,0.32
0.646,1.44
0.6465,0.38
0.647,-1.33
0.6475,-1.46
0.648,0.21
0.6485,1.48
0.649,0.36
0.6495,-1.35
0.65,-1.42
0.6505,0.16
0.651,1.44
0.6515,0.38
0.652,-1.42
0.6525,-1.53
0.653,0.12
0.6535,1.29
0.654,0.38
0.6545,-1.44
0.655,-1.59
0.6555,0.12
0.656,1.22
0.6565,0.36
0.657,-1.37
0.6575,-1.62
0.658,0.05
0.6585,1.31
0.659,0.32
0.6595,-1.33
0.66,-1.55
0.6605,0.01
0.661,1.35
0.6615,0.38
0.662,-1.31
0.6625,-1.46
0.663,0.08
0.6635,1.35
0.664,0.54
0.6645,-1.29
0.665,-1.46
0.6655,0.1
0.666,1.31
0.6665,0.54
0.667,-1.24
0.6675,-1.53
0.668,0.05
0.6685,1.29
0.669,0.45
0.6695,-1.2
0.67,-1.57
0.6705,0.01
0.671,1.31
0.6715,0.41
0.672,-1.22
0.6725,-1.55
0.673,-0.08
0.6735,1.22
0.674,0.47
0.6745,-1.29
0.675,-1.53
0.6755,-0.08
0.676,1.2
0.6765,0.54
0.677,-1.24
0.6775,-1.51
0.678,-0.01
0.6785,1.22
0.679,0.54
0.6795,-1.15
0.68,-1.55
0.6805,-0.03
0.681,1.24
0.6815,0.52
0.682,-1.07
0.6825,-1.51
0.683,-0.01
0.6835,1.29
0.684,0.6
0.6845,-1.04
0.685,-1.4
0.6855,-0.05
0.686,1.29
0.6865,0.67
0.687,-1.07
0.6875,-1.4
0.688,-0.05
0.6885,1.24
0.689,0.67
0.6895,-1.04
0.69,-1.44
0.6905,-0.01
0.691,1.22
0.6915,0.6
0.692,-0.98
0.6925,-1.55
0.693,-0.1
0.6935,1.18
0.694,0.56
0.6945,-1.02
0.695,-1.53
0.6955,-0.19
0.696,1.18
0.6965,0.6
0.697,-1.02
0.6975,-1.42
0.698,-0.19
0.6985,1.18
0.699,0.67
0.6995,-1
0.7,-1.42
0.7005,-0.14
0.701,1.15
0.7015,0.69
0.702,-0.89
0.7025,-1.44
0.703,-0.05
0.7035,1.18
0.704,0.74
0.7045,-0.8
0.705,-1.42
0.7055,-0.1
0.706,1.22
0.7065,0.71
0.707,-0.85
0.7075,-1.37
0.708,-0.21
0.7085,1.2
0.709,0.71
0.7095,-0.87
0.71,-1.35
0.7105,-0.19
0.711,1.13
0.7115,0.74
0.712,-0.89
0.7125,-1.46
0.713,-0.21
0.7135,1
0.714,0.69
0.7145,-0.89
0.715,-1.53
0.7155,-0.27
0.716,1
0.7165,0.65
0.717,-0.85
0.7175,-1.46
0.718,-0.32
0.7185,1.07
0.719,0.67
0.7195,-0.85
0.72,-1.42
0.7205,-0.36
0.721,1.07
0.7215,0.71
0.722,-0.8
0.7225,-1.37
0.723,-0.25
0.7235,1.04
0.724,0.82
0.7245,-0.74
0.725,-1.4
0.7255,-0.23
0.726,1
0.7265,0.78
0.727,-0.74
0.7275,-1.4
0.728,-0.3
0.7285,1.02
0.729,0.71
0.7295,-0.71
0.73,-1.4
0.7305,-0.38
0.731,1
0.7315,0.67
0.732,-0.76
0.7325,-1.44
0.733,-0.45
0.7335,0.89
0.734,0.69
0.7345,-0.82
0.735,-1.46
0.7355,-0.45
0.736,0.82
0.7365,0.69
0.737,-0.78
0.7375,-1.46
0.738,-0.45
0.7385,0.82
0.739,0.67
0.7395,-0.71
0.74,-1.46
0.7405,-0.49
0.741,0.87
0.7415,0.65
0.742,-0.67
0.7425,-1.4
0.743,-0.43
0.7435,0.91
0.744,0.78
0.7445,-0.65
0.745,-1.33
0.7455,-0.41
0.746,0.87
0.7465,0.8
0.747,-0.67
0.7475,-1.33
0.748,-0.45
0.7485,0.8
0.749,0.76
0.7495,-0.63
0.75,-1.42
0.7505,-0.49
0.751,0.8
0.7515,0.67
0.752,-0.63
0.7525,-1.48
0.753,-0.6
0.7535,0.71
0.754,0.6
0.7545,-0.69
0.755,-1.46
0.7555,-0.63
0.756,0.69
0.7565,0.67
0.757,-0.69
0.7575,-1.4
0.758,-0.6
0.7585,0.67
0.759,0.74
0.7595,-0.63
0.76,-1.4
0.7605,-0.58
0.761,0.69
0.7615,0.71
0.762,-0.54
0.7625,-1.37
0.763,-0.49
0.7635,0.76
0.764,0.76
0.7645,-0.45
0.765,-1.31
0.7655,-0.52
0.766,0.78
0.7665,0.8
0.767,-0.47
0.7675,-1.24
0.768,-0.56
0.7685,0.74
0.769,0.82
0.7695,-0.47
0.77,-1.24
0.7705,-0.56
0.771,0.69
0.7715,0.78
0.772,-0.47
0.7725,-1.35
0.773,-0.58
0.7735,0.58
0.774,0.69
0.7745,-0.49
0.775,-1.37
0.7755,-0.63
0.776,0.6
0.7765,0.71
0.777,-0.47
0.7775,-1.29
0.778,-0.67
0.7785,0.63
0.779,0.74
0.7795,-0.45
0.78,-1.24
0.7805,-0.65
0.781,0.6
0.7815,0.8
0.782,-0.38
0.7825,-1.22
0.783,-0.54
0.7835,0.63
0.784,0.85
0.7845,-0.32
0.785,-1.22
0.7855,-0.54
0.786,0.6
0.7865,0.8
0.787,-0.32
0.7875,-1.22
0.788,-0.65
0.7885,0.6
0.789,0.76
0.7895,-0.32
0.79,-1.18
0.7905,-0.69
0.791,0.58
0.7915,0.76
0.792,-0.36
0.7925,-1.24
0.793,-0.71
0.7935,0.45
0.794,0.74
0.7945,-0.38
0.795,-1.29
0.7955,-0.69
0.796,0.41
0.7965,0.74
0.797,-0.34
0.7975,-1.24
0.798,-0.71
0.7985,0.47
0.799,0.71
0.7995,-0.3
0.8,-1.22
0.8005,-0.76
0.801,0.49
0.8015,0.74
0.802,-0.25
0.8025,-1.11
0.803,-0.67
0.8035,0.54
0.804,0.85
0.8045,-0.21
0.805,-1.07
0.8055,-0.63
0.806,0.47
0.8065,0.87
0.807,-0.19
0.8075,-1.09
0.808,-0.63
0.8085,0.47
0.809,0.82
0.8095,-0.16
0.81,-1.11
0.8105,-0.69
0.811,0.49
0.8115,0.74
0.812,-0.16
0.8125,-1.13
0.813,-0.78
0.8135,0.41
0.814,0.71
0.8145,-0.23
0.815,-1.13
0.8155,-0.78
0.816,0.32
0.8165,0.78
0.817,-0.23
0.8175,-1.09
0.818,-0.74
0.8185,0.34
0.819,0.78
0.8195,-0.14
0.82,-1.09
0.8205,-0.71
0.821,0.38
0.8215,0.76
0.822,-0.05
0.8225,-1.02
0.823,-0.67
0.8235,0.47
0.824,0.82
0.8245,-0.01
0.825,-0.93
0.8255,-0.67
0.826,0.43
0.8265,0.87
0.827,-0.05
0.8275,-0.91
0.828,-0.69
0.8285,0.38
0.829,0.87
0.8295,-0.08
0.83,-0.96
0.8305,-0.71
0.831,0.34
0.8315,0.76
0.832,-0.03
0.8325,-1.07
0.833,-0.76
0.8335,0.27
0.834,0.69
0.8345,-0.05
0.835,-1.04
0.8355,-0.82
0.836,0.25
0.8365,0.71
0.837,-0.12
0.8375,-0.98
0.838,-0.85
0.8385,0.23
0.839,0.74
0.8395,-0.12
0.84,-0.98
0.8405,-0.85
0.841,0.21
0.8415,0.74
0.842,-0.01
0.8425,-0.96
0.843,-0.74
0.8435,0.25
0.844,0.78
0.8445,0.1
0.845,-0.91
0.8455,-0.74
0.846,0.27
0.8465,0.78
0.847,0.05
0.8475,-0.87
0.848,-0.78
0.8485,0.27
0.849,0.78
0.8495,0.01
0.85,-0.85
0.8505,-0.8
0.851,0.21
0.8515,0.74
0.852,0.01
0.8525,-0.91
0.853,-0.85
0.8535,0.12
0.854,0.69
0.8545,0.01
0.855,-0.98
0.8555,-0.82
0.856,0.1
0.8565,0.69
0.857,0.03
0.8575,-0.91
0.858,-0.85
0.8585,0.14
0.859,0.67
0.8595,0.03
0.86,-0.85
0.8605,-0.89
0.861,0.14
0.8615,0.69
0.862,0.08
0.8625,-0.8
0.863,-0.8
0.8635,0.16
0.864,0.78
0.8645,0.12
0.865,-0.8
0.8655,-0.76
0.866,0.1
0.8665,0.74
0.867,0.14
0.8675,-0.8
0.868,-0.8
0.8685,0.1
0.869,0.69
0.8695,0.14
0.87,-0.8
0.8705,-0.85
0.871,0.12
0.8715,0.65
0.872,0.12
0.8725,-0.8
0.873,-0.91
0.8735,0.03
0.874,0.63
0.8745,0.05
0.875,-0.85
0.8755,-0.89
0.876,-0.05
0.8765,0.65
0.877,0.08
0.8775,-0.85
0.878,-0.85
0.8785,-0.03
0.879,0.63
0.8795,0.12
0.88,-0.8
0.8805,-0.89
0.881,0.01
0.8815,0.6
0.882,0.19
0.8825,-0.71
0.883,-0.85
0.8835,0.08
0.884,0.69
0.8845,0.23
0.885,-0.67
0.8855,-0.8
0.886,0.03
0.8865,0.71
0.887,0.21
0.8875,-0.67
0.888,-0.78
0.8885,-0.03
0.889,0.67
0.8895,0.19
0.89,-0.71
0.8905,-0.85
0.891,-0.01
0.8915,0.58
0.892,0.21
0.8925,-0.76
0.893,-0.91
0.8935,-0.05
0.894,0.52
0.8945,0.16
0.895,-0.76
0.8955,-0.91
0.896,-0.1
0.8965,0.58
0.897,0.16
0.8975,-0.69
0.898,-0.89
0.8985,-0.12
0.899,0.6
0.8995,0.16
0.9,-0.69
0.9005,-0.89
0.901,-0.12
0.9015,0.58
0.902,0.25
0.9025,-0.65
0.903,-0.82
0.9035,-0.05
0.904,0.58
0.9045,0.3
0.905,-0.63
0.9055,-0.82
0.906,-0.1
0.9065,0.58
0.907,0.25
0.9075,-0.6
0.908,-0.89
0.9085,-0.12
0.909,0.58
0.9095,0.23
0.91,-0.6
0.9105,-0.87
0.911,-0.16
0.9115,0.54
0.912,0.21
0.9125,-0.69
0.913,-0.93
0.9135,-0.25
0.914,0.43
0.9145,0.19
0.915,-0.74
0.9155,-0.93
0.916,-0.27
0.9165,0.41
0.917,0.19
0.9175,-0.67
0.918,-0.96
0.9185,-0.25
0.919,0.45
0.9195,0.16
0.92,-0.6
0.9205,-0.98
0.921,-0.25
0.9215,0.47
0.922,0.21
0.9225,-0.58
0.923,-0.89
0.9235,-0.23
0.924,0.49
0.9245,0.3
0.925,-0.58
0.9255,-0.82
0.926,-0.27
0.9265,0.45
0.927,0.3
0.9275,-0.6
0.928,-0.91
0.9285,-0.27
0.929,0.43
0.9295,0.25
0.93,-0.56
0.9305,-0.96
0.931,-0.27
0.9315,0.41
0.932,0.21
0.9325,-0.58
0.933,-1
0.9335,-0.38
0.934,0.36
0.9345,0.16
0.935,-0.65
0.9355,-0.96
0.936,-0.43
0.9365,0.36
0.937,0.21
0.9375,-0.63
0.938,-0.93
0.9385,-0.41
0.939,0.34
0.9395,0.23
0.94,-0.56
0.9405,-0.98
0.941,-0.36
0.9415,0.34
0.942,0.25
0.9425,-0.49
0.943,-0.93
0.9435,-0.32
0.944,0.38
0.9445,0.3
0.945,-0.49
0.9455,-0.87
0.946,-0.38
0.9465,0.41
0.947,0.3
0.9475,-0.52
0.948,-0.87
0.9485,-0.41
0.949,0.36
0.9495,0.27
0.95,-0.52
0.9505,-0.93
0.951,-0.41
0.9515,0.25
0.952,0.25
0.9525,-0.56
0.953,-1.02
0.9535,-0.47
0.954,0.23
0.9545,0.19
0.955,-0.54
0.9555,-1
0.956,-0.49
0.9565,0.25
0.957,0.21
0.9575,-0.54
0.958,-0.96
0.9585,-0.54
0.959,0.27
0.9595,0.23
0.96,-0.52
0.9605,-0.93
0.961,-0.47
0.9615,0.25
0.962,0.32
0.9625,-0.45
0.963,-0.89
0.9635,-0.41
0.964,0.25
0.9645,0.34
0.965,-0.43
0.9655,-0.89
0.966,-0.45
0.9665,0.3
0.967,0.3
0.9675,-0.41
0.968,-0.89
0.9685,-0.49
0.969,0.3
0.9695,0.27
0.97,-0.41
0.9705,-0.89
0.971,-0.49
0.9715,0.23
0.972,0.3
0.9725,-0.45
0.973,-0.93
0.9735,-0.54
0.974,0.14
0.9745,0.27
0.975,-0.45
0.9755,-0.93
0.976,-0.54
0.9765,0.16
0.977,0.27
0.9775,-0.41
0.978,-0.93
0.9785,-0.54
0.979,0.21
0.9795,0.25
0.98,-0.36
0.9805,-0.89
0.981,-0.54
0.9815,0.25
0.982,0.32
0.9825,-0.3
0.983,-0.8
0.9835,-0.45
0.984,0.27
0.9845,0.45
0.985,-0.27
0.9855,-0.76
0.986,-0.43
0.9865,0.27
0.987,0.43
0.9875,-0.25
0.988,-0.78
0.9885,-0.45
0.989,0.27
0.9895,0.38
0.99,-0.21
0.9905,-0.8
0.991,-0.47
0.9915,0.23
0.992,0.34
0.9925,-0.27
0.993,-0.85
0.9935,-0.58
0.994,0.16
0.9945,0.34
0.995,-0.32
0.9955,-0.8
0.996,-0.56
0.9965,0.16
0.997,0.38
0.9975,-0.27
0.998,-0.8
0.9985,-0.52
0.999,0.19
0.9995,0.38
1,-0.19
1.0005,-0.78
1.001,-0.47
1.0015,0.25
1.002,0.41
1.0025,-0.1
1.003,-0.71
1.0035,-0.45
1.004,0.27
1.0045,0.47
1.005,-0.12
1.0055,-0.67
1.006,-0.47
1.0065,0.25
1.007,0.49
1.0075,-0.14
1.008,-0.67
1.0085,-0.49
1.009,0.23
1.0095,0.45
1.01,-0.1
1.0105,-0.69
1.011,-0.45
1.0115,0.19
1.012,0.41
1.0125,-0.12
1.013,-0.78
1.0135,-0.54
1.014,0.1
1.0145,0.38
1.015,-0.16
1.0155,-0.74
1.016,-0.58
1.0165,0.14
1.017,0.41
1.0175,-0.14
1.018,-0.67
1.0185,-0.56
1.019,0.16
1.0195,0.43
1.02,-0.1
1.0205,-0.67
1.021,-0.49
1.0215,0.16
1.022,0.47
1.0225,-0.01
1.023,-0.63
1.0235,-0.43
1.024,0.21
1.0245,0.52
1.025,0.01
1.0255,-0.6
1.026,-0.45
1.0265,0.21
1.027,0.49
1.0275,-0.01
1.028,-0.58
1.0285,-0.52
1.029,0.21
1.0295,0.47
1.03,-0.01
1.0305,-0.58
1.031,-0.49
1.0315,0.14
1.032,0.45
1.0325,-0.05
1.033,-0.69
1.0335,-0.56
1.034,0.03
1.0345,0.41
1.035,-0.08
1.0355,-0.67
1.036,-0.54
1.0365,0.08
1.037,0.41
1.0375,-0.03
1.038,-0.63
1.0385,-0.58
1.039,0.12
1.0395,0.38
1.04,-0.01
1.0405,-0.6
1.041,-0.56
1.0415,0.14
1.042,0.47
1.0425,0.05
1.043,-0.54
1.0435,-0.47
1.044,0.12
1.0445,0.54
1.045,0.08
1.0455,-0.52
1.046,-0.45
1.0465,0.12
1.047,0.52
1.0475,0.05
1.048,-0.52
1.0485,-0.52
1.049,0.12
1.0495,0.45
1.05,0.1
1.0505,-0.54
1.051,-0.54
1.0515,0.08
1.052,0.41
1.0525,0.01
1.053,-0.6
1.0535,-0.6
1.054,-0.03
1.0545,0.38
1.055,-0.03
1.0555,-0.6
1.056,-0.6
1.0565,-0.03
1.057,0.38
1.0575,0.01
1.058,-0.58
1.0585,-0.6
1.059,-0.01
1.0595,0.38
1.06,0.08
1.0605,-0.56
1.061,-0.58
1.0615,0.05
1.062,0.43
1.0625,0.14
1.063,-0.47
1.0635,-0.52
1.064,0.08
1.0645,0.47
1.065,0.12
1.0655,-0.45
1.066,-0.52
1.0665,0.01
1.067,0.47
1.0675,0.1
1.068,-0.47
1.0685,-0.56
1.069,0.01
1.0695,0.43
1.07,0.12
1.0705,-0.49
1.071,-0.56
1.0715,-0.01
1.072,0.36
1.0725,0.1
1.073,-0.58
1.0735,-0.63
1.074,-0.1
1.0745,0.32
1.075,0.05
1.0755,-0.54
1.076,-0.65
1.0765,-0.1
1.077,0.34
1.0775,0.03
1.078,-0.52
1.0785,-0.65
1.079,-0.1
1.0795,0.34
1.08,0.08
1.0805,-0.52
1.081,-0.6
1.0815,-0.08
1.082,0.38
1.0825,0.19
1.083,-0.45
1.0835,-0.52
1.084,-0.01
1.0845,0.43
1.085,0.21
1.0855,-0.41
1.086,-0.54
1.0865,-0.03
1.087,0.43
1.0875,0.16
1.088,-0.38
1.0885,-0.58
1.089,-0.03
1.0895,0.41
1.09,0.16
1.0905,-0.41
1.091,-0.58
1.0915,-0.1
1.092,0.34
1.0925,0.14
1.093,-0.49
1.0935,-0.63
1.094,-0.19
1.0945,0.3
1.095,0.12
1.0955,-0.49
1.096,-0.65
1.0965,-0.16
1.097,0.3
1.0975,0.12
1.098,-0.45
1.0985,-0.67
1.099,-0.14
1.0995,0.3
1.1,0.12
1.1005,-0.43
1.101,-0.65
1.1015,-0.14
1.102,0.32
1.1025,0.19
1.103,-0.41
1.1035,-0.56
1.104,-0.14
1.1045,0.38
1.105,0.23
1.1055,-0.38
1.106,-0.56
1.1065,-0.14
1.107,0.36
1.1075,0.21
1.108,-0.36
1.1085,-0.6
1.109,-0.12
1.1095,0.32
1.11,0.21
1.1105,-0.36
1.111,-0.63
1.1115,-0.16
1.112,0.27
1.1125,0.14
1.113,-0.45
1.1135,-0.65
1.114,-0.27
1.1145,0.25
1.115,0.1
1.1155,-0.45
1.116,-0.67
1.1165,-0.3
1.117,0.23
1.1175,0.1
1.118,-0.45
1.1185,-0.69
1.119,-0.27
1.1195,0.19
1.12,0.14
1.1205,-0.43
1.121,-0.69
1.1215,-0.23
1.122,0.21
1.1225,0.19
1.123,-0.36
1.1235,-0.63
1.124,-0.23
1.1245,0.27
1.125,0.19
1.1255,-0.36
1.126,-0.63
1.1265,-0.3
1.127,0.25
1.1275,0.14
1.128,-0.36
1.1285,-0.65
1.129,-0.27
1.1295,0.21
1.13,0.16
1.1305,-0.41
1.131,-0.69
1.1315,-0.34
1.132,0.12
1.1325,0.12
1.133,-0.47
1.1335,-0.76
1.134,-0.41
1.1345,0.1
1.135,0.08
1.1355,-0.45
1.136,-0.74
1.1365,-0.43
1.137,0.12
1.1375,0.05
1.138,-0.41
1.1385,-0.74
1.139,-0.41
1.1395,0.12
1.14,0.1
1.1405,-0.41
1.141,-0.71
1.1415,-0.38
1.142,0.1
1.1425,0.16
1.143,-0.38
1.1435,-0.67
1.144,-0.34
1.1445,0.14
1.145,0.16
1.1455,-0.34
1.146,-0.67
1.1465,-0.38
1.147,0.14
1.1475,0.1
1.148,-0.34
1.1485,-0.71
1.149,-0.41
1.1495,0.12
1.15,0.12
1.1505,-0.36
1.151,-0.71
1.1515,-0.43
1.152,0.05
1.1525,0.1
1.153,-0.45
1.1535,-0.76
1.154,-0.49
1.1545,0.01
1.155,0.08
1.1555,-0.43
1.156,-0.74
1.1565,-0.47
1.157,0.03
1.1575,0.08
1.158,-0.36
1.1585,-0.76
1.159,-0.45
1.1595,0.03
1.16,0.08
1.1605,-0.34
1.161,-0.74
1.1615,-0.45
1.162,0.05
1.1625,0.16
1.163,-0.32
1.1635,-0.63
1.164,-0.41
1.1645,0.1
1.165,0.21
1.1655,-0.3
1.166,-0.63
1.1665,-0.41
1.167,0.08
1.1675,0.16
1.168,-0.25
1.1685,-0.67
1.169,-0.41
1.1695,0.08
1.17,0.14
1.1705,-0.25
1.171,-0.69
1.1715,-0.45
1.172,0.01
1.1725,0.1
1.173,-0.36
1.1735,-0.71
1.174,-0.52
1.1745,-0.01
1.175,0.1
1.1755,-0.36
1.176,-0.67
1.1765,-0.52
1.177,-0.01
1.1775,0.12
1.178,-0.27
1.1785,-0.67
1.179,-0.45
1.1795,0.01
1.18,0.16
1.1805,-0.23
1.181,-0.63
1.1815,-0.38
1.182,0.05
1.1825,0.23
1.183,-0.16
1.1835,-0.54
1.184,-0.38
1.1845,0.12
1.185,0.25
1.1855,-0.19
1.186,-0.54
1.1865,-0.43
1.187,0.1
1.1875,0.21
1.188,-0.16
1.1885,-0.54
1.189,-0.41
1.1895,0.08
1.19,0.25
1.1905,-0.14
1.191,-0.58
1.1915,-0.41
1.192,0.03
1.1925,0.21
1.193,-0.19
1.1935,-0.58
1.194,-0.43
1.1945,0.03
1.195,0.21
1.1955,-0.16
1.196,-0.54
1.1965,-0.45
1.197,0.08
1.1975,0.21
1.198,-0.12
1.1985,-0.54
1.199,-0.43
1.1995,0.08
1.2,0.23
1.2005,-0.12
1.201,-0.54
1.2015,-0.38
1.202,0.05
1.2025,0.32
1.203,-0.05
1.2035,-0.45
1.204,-0.32
1.2045,0.1
1.205,0.32
1.2055,-0.03
1.206,-0.45
1.2065,-0.36
1.207,0.12
1.2075,0.25
1.208,-0.05
1.2085,-0.47
1.209,-0.41
1.2095,0.05
1.21,0.23
1.2105,-0.08
1.211,-0.52
1.2115,-0.45
1.212,-0.03
1.2125,0.21
1.213,-0.16
1.2135,-0.56
1.214,-0.47
1.2145,-0.05
1.215,0.19
1.2155,-0.14
1.216,-0.54
1.2165,-0.49
1.217,-0.01
1.2175,0.16
1.218,-0.1
1.2185,-0.52
1.219,-0.47
1.2195,-0.01
1.22,0.16
1.2205,-0.08
1.221,-0.52
1.2215,-0.45
1.222,-0.01
1.2225,0.27
1.223,-0.03
1.2235,-0.43
1.224,-0.38
1.2245,0.01
1.225,0.3
1.2255,-0.03
1.226,-0.45
1.2265,-0.43
1.227,-0.01
1.2275,0.21
1.228,-0.03
1.2285,-0.49
1.229,-0.47
1.2295,-0.03
1.23,0.16
1.2305,-0.05
1.231,-0.52
1.2315,-0.52
1.232,-0.1
1.2325,0.14
1.233,-0.14
1.2335,-0.56
1.234,-0.58
1.2345,-0.16
1.235,0.12
1.2355,-0.19
1.236,-0.54
1.2365,-0.56
1.237,-0.14
1.2375,0.14
1.238,-0.1
1.2385,-0.52
1.239,-0.54
1.2395,-0.12
1.24,0.12
1.2405,-0.08
1.241,-0.52
1.2415,-0.49
1.242,-0.1
1.2425,0.21
1.243,-0.01
1.2435,-0.43
1.244,-0.45
1.2445,-0.05
1.245,0.23
1.2455,-0.01
1.246,-0.38
1.2465,-0.47
1.247,-0.05
1.2475,0.21
1.248,-0.01
1.2485,-0.41
1.249,-0.47
1.2495,-0.08
1.25,0.19
1.2505,-0.01
1.251,-0.47
1.2515,-0.47
1.252,-0.14
1.2525,0.12
1.253,-0.05
1.2535,-0.52
1.254,-0.56
1.2545,-0.19
1.255,0.1
1.2555,-0.1
1.256,-0.45
1.2565,-0.56
1.257,-0.14
1.2575,0.14
1.258,-0.03
1.2585,-0.43
1.259,-0.49
1.2595,-0.12
1.26,0.16
1.2605,-0.01
1.261,-0.43
1.2615,-0.45
1.262,-0.12
1.2625,0.23
1.263,0.08
1.2635,-0.34
1.264,-0.41
1.2645,-0.05
1.265,0.25
1.2655,0.08
1.266,-0.3
1.2665,-0.43
1.267,-0.05
1.2675,0.23
1.268,0.08
1.2685,-0.32
1.269,-0.45
1.2695,-0.08
1.27,0.21
1.2705,0.05
1.271,-0.36
1.2715,-0.45
1.272,-0.16
1.2725,0.16
1.273,0.01
1.2735,-0.41
1.274,-0.47
1.2745,-0.19
1.275,0.14
1.2755,0.01
1.276,-0.36
1.2765,-0.52
1.277,-0.14
1.2775,0.14
1.278,0.03
1.2785,-0.34
1.279,-0.52
1.2795,-0.14
1.28,0.14
1.2805,0.05
1.281,-0.34
1.2815,-0.45
1.282,-0.14
1.2825,0.23
1.283,0.12
1.2835,-0.27
1.284,-0.38
1.2845,-0.1
1.285,0.25
1.2855,0.12
1.286,-0.27
1.2865,-0.41
1.287,-0.08
1.2875,0.21
1.288,0.14
1.2885,-0.25
1.289,-0.43
1.2895,-0.1
1.29,0.19
1.2905,0.12
1.291,-0.3
1.2915,-0.45
1.292,-0.19
1.2925,0.14
1.293,0.03
1.2935,-0.36
1.294,-0.52
1.2945,-0.27
1.295,0.12
1.2955,0.01
1.296,-0.34
1.2965,-0.49
1.297,-0.21
1.2975,0.1
1.298,0.05
1.2985,-0.32
1.299,-0.49
1.2995,-0.19
1.3,0.1
1.3005,0.1
1.301,-0.3
1.3015,-0.45
1.302,-0.16
1.3025,0.19
1.303,0.14
1.3035,-0.23
1.304,-0.41
1.3045,-0.16
1.305,0.21
1.3055,0.12
1.306,-0.21
1.3065,-0.43
1.307,-0.16
1.3075,0.19
1.308,0.12
1.3085,-0.23
1.309,-0.43
1.3095,-0.16
1.31,0.14
1.3105,0.14
1.311,-0.27
1.3115,-0.45
1.312,-0.21
1.3125,0.08
1.313,0.05
1.3135,-0.32
1.314,-0.52
1.3145,-0.3
1.315,0.05
1.3155,-0.01
1.316,-0.3
1.3165,-0.54
1.317,-0.27
1.3175,0.08
1.318,0.03
1.3185,-0.27
1.319,-0.49
1.3195,-0.25
1.32,0.05
1.3205,0.1
1.321,-0.3
1.3215,-0.45
1.322,-0.23
1.3225,0.12
1.323,0.14
1.3235,-0.21
1.324,-0.41
1.3245,-0.21
1.325,0.12
1.3255,0.1
1.326,-0.19
1.3265,-0.47
1.327,-0.23
1.3275,0.1
1.328,0.08
1.3285,-0.21
1.329,-0.47
1.3295,-0.25
1.33,0.05
1.3305,0.1
1.331,-0.27
1.3315,-0.49
1.332,-0.32
1.3325,-0.01
1.333,0.03
1.3335,-0.32
1.334,-0.52
1.3345,-0.36
1.335,-0.01
1.3355,-0.01
1.336,-0.27
1.3365,-0.54
1.337,-0.34
1.3375,-0.01
1.338,0.01
1.3385,-0.25
1.339,-0.54
1.3395,-0.32
1.34,-0.01
1.3405,0.03
1.341,-0.27
1.3415,-0.47
1.342,-0.32
1.3425,0.05
1.343,0.12
1.3435,-0.21
1.344,-0.41
1.3445,-0.3
1.345,0.05
1.3455,0.08
1.346,-0.19
1.3465,-0.47
1.347,-0.3
1.3475,0.01
1.348,0.08
1.3485,-0.21
1.349,-0.49
1.3495,-0.32
1.35,-0.03
1.3505,0.05
1.351,-0.25
1.3515,-0.52
1.352,-0.38
1.3525,-0.05
1.353,-0.01
1.3535,-0.32
1.354,-0.54
1.3545,-0.45
1.355,-0.08
1.3555,-0.01
1.356,-0.3
1.3565,-0.54
1.357,-0.41
1.3575,-0.05
1.358,0.01
1.3585,-0.25
1.359,-0.54
1.3595,-0.36
1.36,-0.08
1.3605,0.05
1.361,-0.21
1.3615,-0.47
1.362,-0.32
1.3625,0.01
1.363,0.12
1.3635,-0.12
1.364,-0.36
1.3645,-0.3
1.365,0.08
1.3655,0.12
1.366,-0.12
1.3665,-0.41
1.367,-0.3
1.3675,0.03
1.368,0.12
1.3685,-0.14
1.369,-0.43
1.3695,-0.3
1.37,-0.01
1.3705,0.12
1.371,-0.16
1.3715,-0.45
1.372,-0.34
1.3725,-0.05
1.373,0.05
1.3735,-0.19
1.374,-0.47
1.3745,-0.38
1.375,-0.03
1.3755,0.03
1.376,-0.19
1.3765,-0.45
1.377,-0.38
1.3775,-0.03
1.378,0.05
1.3785,-0.16
1.379,-0.45
1.3795,-0.36
1.38,-0.08
1.3805,0.1
1.381,-0.16
1.3815,-0.41
1.382,-0.32
1.3825,-0.01
1.383,0.16
1.3835,-0.08
1.384,-0.34
1.3845,-0.27
1.385,0.05
1.3855,0.16
1.386,-0.03
1.3865,-0.34
1.387,-0.27
1.3875,0.03
1.388,0.16
1.3885,-0.03
1.389,-0.32
1.3895,-0.27
1.39,0.01
1.3905,0.19
1.391,-0.08
1.3915,-0.34
1.392,-0.32
1.3925,-0.05
1.393,0.1
1.3935,-0.14
1.394,-0.41
1.3945,-0.38
1.395,-0.08
1.3955,0.05
1.396,-0.12
1.3965,-0.41
1.397,-0.36
1.3975,-0.05
1.398,0.08
1.3985,-0.08
1.399,-0.38
1.3995,-0.32
1.4,-0.05
1.4005,0.14
1.401,-0.05
1.4015,-0.3
1.402,-0.3
1.4025,0.01
1.403,0.21
1.4035,-0.01
1.404,-0.25
1.4045,-0.27
1.405,0.03
1.4055,0.16
1.406,-0.01
1.4065,-0.32
1.407,-0.3
1.4075,-0.01
1.408,0.12
1.4085,-0.01
1.409,-0.36
1.4095,-0.32
1.41,-0.08
1.4105,0.12
1.411,-0.08
1.4115,-0.36
1.412,-0.38
1.4125,-0.12
1.413,0.05
1.4135,-0.14
1.414,-0.41
1.4145,-0.45
1.415,-0.14
1.4155,0.01
1.416,-0.14
1.4165,-0.43
1.417,-0.45
1.4175,-0.16
1.418,-0.01
1.4185,-0.12
1.419,-0.45
1.4195,-0.43
1.42,-0.19
1.4205,0.01
1.421,-0.12
1.4215,-0.41
1.422,-0.41
1.4225,-0.12
1.423,0.08
1.4235,-0.08
1.424,-0.32
1.4245,-0.38
1.425,-0.08
1.4255,0.08
1.426,-0.05
1.4265,-0.32
1.427,-0.41
1.4275,-0.1
1.428,0.05
1.4285,-0.05
1.429,-0.38
1.4295,-0.38
1.43,-0.16
1.4305,0.05
1.431,-0.1
1.4315,-0.43
1.432,-0.45
1.4325,-0.23
1.433,-0.03
1.4335,-0.19
1.434,-0.45
1.4345,-0.52
1.435,-0.23
1.4355,-0.03
1.436,-0.14
1.4365,-0.41
1.437,-0.47
1.4375,-0.21
1.438,-0.01
1.4385,-0.1
1.439,-0.38
1.4395,-0.43
1.44,-0.21
1.4405,0.03
1.441,-0.08
1.4415,-0.34
1.442,-0.38
1.4425,-0.14
1.443,0.1
1.4435,-0.01
1.444,-0.27
1.4445,-0.36
1.445,-0.1
1.4455,0.08
1.446,0.01
1.4465,-0.27
1.447,-0.36
1.4475,-0.12
1.448,0.08
1.4485,0.01
1.449,-0.27
1.4495,-0.34
1.45,-0.14
1.4505,0.1
1.451,-0.01
1.4515,-0.32
1.452,-0.38
1.4525,-0.21
1.453,0.03
1.4535,-0.1
1.454,-0.34
1.4545,-0.47
1.455,-0.21
1.4555,-0.01
1.456,-0.08
1.4565,-0.34
1.457,-0.45
1.4575,-0.21
1.458,-0.01
1.4585,-0.05
1.459,-0.34
1.4595,-0.43
1.46,-0.21
1.4605,0.01
1.461,-0.03
1.4615,-0.3
1.462,-0.36
1.4625,-0.19
1.463,0.1
1.4635,0.01
1.464,-0.21
1.4645,-0.34
1.465,-0.14
1.4655,0.1
1.466,0.03
1.4665,-0.25
1.467,-0.36
1.4675,-0.14
1.468,0.05
1.4685,0.03
1.469,-0.27
1.4695,-0.36
1.47,-0.19
1.4705,0.05
1.471,-0.01
1.4715,-0.3
1.472,-0.41
1.4725,-0.25
1.473,-0.01
1.4735,-0.1
1.474,-0.32
1.4745,-0.47
1.475,-0.25
1.4755,-0.03
1.476,-0.08
1.4765,-0.32
1.477,-0.45
1.4775,-0.25
1.478,-0.03
1.4785,-0.03
1.479,-0.3
1.4795,-0.41
1.48,-0.25
1.4805,-0.01
1.481,-0.01
1.4815,-0.27
1.482,-0.36
1.4825,-0.19
1.483,0.05
1.4835,0.03
1.484,-0.16
1.4845,-0.36
1.485,-0.16
1.4855,0.08
1.486,0.05
1.4865,-0.16
1.487,-0.32
1.4875,-0.16
1.488,0.05
1.4885,0.05
1.489,-0.21
1.4895,-0.32
1.49,-0.19
1.4905,0.05
1.491,0.03
1.4915,-0.23
1.492,-0.36
1.4925,-0.25
1.493,-0.01
1.4935,-0.05
1.494,-0.25
1.4945,-0.43
1.495,-0.25
1.4955,-0.03
1.496,-0.03
1.4965,-0.23
1.497,-0.41
1.4975,-0.23
1.498,-0.03
1.4985,0.01
1.499,-0.25
1.4995,-0.36
1.5,-0.25
1.5005,0.01
1.501,0.03
1.5015,-0.19
1.502,-0.32
1.5025,-0.21
1.503,0.05
1.5035,0.08
1.504,-0.14
1.5045,-0.32
1.505,-0.19
1.5055,0.03
1.506,0.05
1.5065,-0.14
1.507,-0.36
1.5075,-0.21
1.508,-0.01
1.5085,0.03
1.509,-0.19
1.5095,-0.34
1.51,-0.25
1.5105,-0.01
1.511,-0.01
1.5115,-0.25
1.512,-0.41
1.5125,-0.34
1.513,-0.1
1.5135,-0.1
1.514,-0.27
1.5145,-0.47
1.515,-0.34
1.5155,-0.1
1.516,-0.05
1.5165,-0.25
1.517,-0.45
1.5175,-0.32
1.518,-0.12
1.5185,-0.03
1.519,-0.27
1.5195,-0.43
1.52,-0.34
1.5205,-0.1
1.521,-0.03
1.5215,-0.23
1.522,-0.36
1.5225,-0.3
1.523,-0.01
1.5235,-0.01
1.524,-0.16
1.5245,-0.36
1.525,-0.27
1.5255,-0.03
1.526,0.01
1.5265,-0.19
1.527,-0.36
1.5275,-0.27
1.528,-0.08
1.5285,-0.01
1.529,-0.23
1.5295,-0.41
1.53,-0.32
1.5305,-0.12
1.531,-0.05
1.5315,-0.27
1.532,-0.45
1.5325,-0.41
1.533,-0.16
1.5335,-0.16
1.534,-0.32
1.5345,-0.49
1.535,-0.43
1.5355,-0.19
1.536,-0.14
1.5365,-0.27
1.537,-0.49
1.5375,-0.38
1.538,-0.19
1.5385,-0.08
1.539,-0.27
1.5395,-0.43
1.54,-0.38
1.5405,-0.14
1.541,-0.05
1.5415,-0.23
1.542,-0.36
1.5425,-0.32
1.543,-0.08
1.5435,-0.01
1.544,-0.14
1.5445,-0.36
1.545,-0.32
1.5455,-0.1
1.546,-0.03
1.5465,-0.19
1.547,-0.38
1.5475,-0.34
1.548,-0.14
1.5485,-0.01
1.549,-0.23
1.5495,-0.38
1.55,-0.34
1.5505,-0.14
1.551,-0.03
1.5515,-0.25
1.552,-0.43
1.5525,-0.41
1.553,-0.19
1.5535,-0.12
1.554,-0.25
1.5545,-0.47
1.555,-0.43
1.5555,-0.19
1.556,-0.14
1.5565,-0.25
1.557,-0.45
1.5575,-0.41
1.558,-0.21
1.5585,-0.08
1.559,-0.25
1.5595,-0.41
1.56,-0.38
1.5605,-0.19
1.561,-0.05
1.5615,-0.21
1.562,-0.34
1.5625,-0.34
1.563,-0.12
1.5635,-0.01
1.564,-0.12
1.5645,-0.32
1.565,-0.3
1.5655,-0.1
1.566,-0.01
1.5665,-0.1
1.567,-0.34
1.5675,-0.3
1.568,-0.12
1.5685,-0.01
1.569,-0.14
1.5695,-0.32
1.57,-0.32
1.5705,-0.14
1.571,-0.01
1.5715,-0.19
1.572,-0.34
1.5725,-0.38
1.573,-0.16
1.5735,-0.08
1.574,-0.19
1.5745,-0.38
1.575,-0.38
1.5755,-0.16
1.576,-0.08
1.5765,-0.14
1.577,-0.38
1.5775,-0.32
1.578,-0.19
1.5785,-0.01
1.579,-0.16
1.5795,-0.32
1.58,-0.34
1.5805,-0.14
1.581,0.01
1.5815,-0.1
1.582,-0.25
1.5825,-0.27
1.583,-0.03
1.5835,0.05
1.584,-0.01
1.5845,-0.21
1.585,-0.23
1.5855,-0.05
1.586,0.05
1.5865,-0.01
1.587,-0.23
1.5875,-0.21
1.588,-0.08
1.5885,0.08
1.589,-0.03
1.5895,-0.23
1.59,-0.25
1.5905,-0.1
1.591,0.03
1.5915,-0.1
1.592,-0.27
1.5925,-0.34
1.593,-0.14
1.5935,-0.03
1.594,-0.12
1.5945,-0.3
1.595,-0.34
1.5955,-0.14
1.596,-0.01
1.5965,-0.1
1.597,-0.3
1.5975,-0.27
1.598,-0.16
1.5985,0.01
1.599,-0.08
1.5995,-0.25
1.6,-0.27
1.6005,-0.14
1.601,0.03
1.6015,-0.05
1.602,-0.19
1.6025,-0.25
1.603,-0.03
1.6035,0.08
1.604,0.03
1.6045,-0.14
1.605,-0.21
1.6055,-0.03
1.606,0.08
1.6065,0.01
1.607,-0.19
1.6075,-0.21
1.608,-0.1
1.6085,0.08
1.609,-0.01
1.6095,-0.19
1.61,-0.23
1.6105,-0.1
1.611,0.03
1.6115,-0.05
1.612,-0.23
1.6125,-0.32
1.613,-0.14
1.6135,-0.05
1.614,-0.1
1.6145,-0.27
1.615,-0.34
1.6155,-0.19
1.616,-0.05
1.6165,-0.1
1.617,-0.3
1.6175,-0.32
1.618,-0.21
1.6185,-0.03
1.619,-0.1
1.6195,-0.25
1.62,-0.3
1.6205,-0.19
1.621,-0.01
1.6215,-0.08
1.622,-0.21
1.6225,-0.27
1.623,-0.1
1.6235,0.03
1.624,-0.01
1.6245,-0.19
1.625,-0.23
1.6255,-0.08
1.626,0.03
1.6265,0.01
1.627,-0.21
1.6275,-0.23
1.628,-0.14
1.6285,0.03
1.629,-0.01
1.6295,-0.19
1.63,-0.25
1.6305,-0.14
1.631,0.01
1.6315,-0.08
1.632,-0.23
1.6325,-0.36
1.633,-0.23
1.6335,-0.1
1.634,-0.12
1.6345,-0.3
1.635,-0.36
1.6355,-0.23
1.636,-0.1
1.6365,-0.1
1.637,-0.27
1.6375,-0.34
1.638,-0.23
1.6385,-0.08
1.639,-0.08
1.6395,-0.25
1.64,-0.32
1.6405,-0.19
1.641,-0.01
1.6415,-0.05
1.642,-0.16
1.6425,-0.27
1.643,-0.12
1.6435,0.03
1.644,0.01
1.6445,-0.12
1.645,-0.23
1.6455,-0.12
1.646,0.01
1.6465,0.01
1.647,-0.19
1.6475,-0.23
1.648,-0.14
1.6485,0.01
1.649,0.01
1.6495,-0.16
1.65,-0.25
1.6505,-0.14
1.651,-0.01
1.6515,-0.05
1.652,-0.19
1.6525,-0.34
1.653,-0.21
1.6535,-0.05
1.654,-0.1
1.6545,-0.23
1.655,-0.34
1.6555,-0.23
1.656,-0.1
1.6565,-0.1
1.657,-0.25
1.6575,-0.32
1.658,-0.23
1.6585,-0.08
1.659,-0.08
1.6595,-0.25
1.66,-0.3
1.6605,-0.23
1.661,-0.03
1.6615,-0.05
1.662,-0.14
1.6625,-0.27
1.663,-0.12
1.6635,0.01
1.664,0.01
1.6645,-0.12
1.665,-0.23
1.6655,-0.12
1.666,-0.01
1.6665,0.01
1.667,-0.14
1.6675,-0.23
1.668,-0.16
1.6685,-0.01
1.669,-0.01
1.6695,-0.16
1.67,-0.25
1.6705,-0.21
1.671,-0.03
1.6715,-0.05
1.672,-0.21
1.6725,-0.34
1.673,-0.25
1.6735,-0.1
1.674,-0.1
1.6745,-0.21
1.675,-0.36
1.6755,-0.25
1.676,-0.1
1.6765,-0.05
1.677,-0.23
1.6775,-0.3
1.678,-0.25
1.6785,-0.08
1.679,-0.05
1.6795,-0.21
1.68,-0.3
1.6805,-0.25
1.681,-0.03
1.6815,-0.03
1.682,-0.12
1.6825,-0.23
1.683,-0.14
1.6835,0.01
1.684,0.03
1.6845,-0.1
1.685,-0.23
1.6855,-0.14
1.686,-0.03
1.6865,0.03
1.687,-0.14
1.6875,-0.23
1.688,-0.16
1.6885,-0.01
1.689,0.01
1.6895,-0.12
1.69,-0.23
1.6905,-0.19
1.691,-0.03
1.6915,-0.03
1.692,-0.16
1.6925,-0.3
1.693,-0.25
1.6935,-0.08
1.694,-0.08
1.6945,-0.19
1.695,-0.32
1.6955,-0.23
1.696,-0.12
1.6965,-0.03
1.697,-0.19
1.6975,-0.27
1.698,-0.23
1.6985,-0.1
1.699,-0.03
1.6995,-0.16
1.7,-0.25
1.7005,-0.23
1.701,-0.05
1.7015,-0.01
1.702,-0.1
1.7025,-0.23
1.703,-0.16
1.7035,-0.01
1.704,0.01
1.7045,-0.1
1.705,-0.23
1.7055,-0.19
1.706,-0.08
1.7065,-0.01
1.707,-0.14
1.7075,-0.25
1.708,-0.23
1.7085,-0.1
1.709,-0.03
1.7095,-0.16
1.71,-0.27
1.7105,-0.25
1.711,-0.1
1.7115,-0.12
1.712,-0.19
1.7125,-0.36
1.713,-0.34
1.7135,-0.19
1.714,-0.16
1.7145,-0.25
1.715,-0.38
1.7155,-0.34
1.716,-0.21
1.7165,-0.12
1.717,-0.25
1.7175,-0.36
1.718,-0.32
1.7185,-0.21
1.719,-0.12
1.7195,-0.23
1.72,-0.34
1.7205,-0.34
1.721,-0.14
1.7215,-0.1
1.722,-0.16
1.7225,-0.3
1.723,-0.25
1.7235,-0.1
1.724,-0.05
1.7245,-0.12
1.725,-0.27
1.7255,-0.23
1.726,-0.12
1.7265,-0.03
1.727,-0.16
1.7275,-0.27
1.728,-0.27
1.7285,-0.14
1.729,-0.05
1.7295,-0.19
1.73,-0.27
1.7305,-0.3
1.731,-0.16
1.7315,-0.14
1.732,-0.23
1.7325,-0.36
1.733,-0.36
1.7335,-0.23
1.734,-0.19
1.7345,-0.27
1.735,-0.41
1.7355,-0.36
1.736,-0.25
1.7365,-0.14
1.737,-0.25
1.7375,-0.36
1.738,-0.34
1.7385,-0.21
1.739,-0.12
1.7395,-0.23
1.74,-0.32
1.7405,-0.34
1.741,-0.16
1.7415,-0.1
1.742,-0.14
1.7425,-0.27
1.743,-0.23
1.7435,-0.1
1.744,-0.03
1.7445,-0.1
1.745,-0.25
1.7455,-0.21
1.746,-0.12
1.7465,-0.03
1.747,-0.12
1.7475,-0.25
1.748,-0.25
1.7485,-0.14
1.749,-0.05
1.7495,-0.14
1.75,-0.25
1.7505,-0.3
1.751,-0.14
1.7515,-0.12
1.752,-0.19
1.7525,-0.32
1.753,-0.36
1.7535,-0.23
1.754,-0.16
1.7545,-0.21
1.755,-0.36
1.7555,-0.32
1.756,-0.25
1.7565,-0.12
1.757,-0.21
1.7575,-0.32
1.758,-0.32
1.7585,-0.23
1.759,-0.12
1.7595,-0.19
1.76,-0.3
1.7605,-0.32
1.761,-0.16
1.7615,-0.08
1.762,-0.12
1.7625,-0.23
1.763,-0.23
1.7635,-0.1
1.764,-0.03
1.7645,-0.08
1.765,-0.23
1.7655,-0.23
1.766,-0.14
1.7665,-0.03
1.767,-0.12
1.7675,-0.23
1.768,-0.27
1.7685,-0.16
1.769,-0.08
1.7695,-0.14
1.77,-0.23
1.7705,-0.3
1.771,-0.16
1.7715,-0.12
1.772,-0.16
1.7725,-0.32
1.773,-0.36
1.7735,-0.23
1.774,-0.16
1.7745,-0.21
1.775,-0.34
1.7755,-0.34
1.776,-0.25
1.7765,-0.12
1.777,-0.19
1.7775,-0.3
1.778,-0.32
1.7785,-0.23
1.779,-0.1
1.7795,-0.19
1.78,-0.27
1.7805,-0.32
1.781,-0.16
1.7815,-0.08
1.782,-0.08
1.7825,-0.19
1.783,-0.23
1.7835,-0.1
1.784,-0.03
1.7845,-0.03
1.785,-0.19
1.7855,-0.19
1.786,-0.12
1.7865,-0.01
1.787,-0.05
1.7875,-0.16
1.788,-0.21
1.7885,-0.14
1.789,-0.01
1.7895,-0.08
1.79,-0.19
1.7905,-0.23
1.791,-0.14
1.7915,-0.05
1.792,-0.1
1.7925,-0.23
1.793,-0.3
1.7935,-0.19
1.794,-0.12
1.7945,-0.12
1.795,-0.27
1.7955,-0.3
1.796,-0.23
1.7965,-0.12
1.797,-0.14
1.7975,-0.27
1.798,-0.3
1.7985,-0.23
1.799,-0.1
1.7995,-0.14
1.8,-0.23
1.8005,-0.3
1.801,-0.16
1.8015,-0.05
1.802,-0.05
1.8025,-0.16
1.803,-0.23
1.8035,-0.12
1.804,-0.03
1.8045,-0.01
1.805,-0.19
1.8055,-0.21
1.806,-0.14
1.8065,-0.03
1.807,-0.05
1.8075,-0.16
1.808,-0.21
1.8085,-0.14
1.809,-0.03
1.8095,-0.08
1.81,-0.16
1.8105,-0.25
1.811,-0.19
1.8115,-0.1
1.812,-0.14
1.8125,-0.25
1.813,-0.32
1.8135,-0.25
1.814,-0.16
1.8145,-0.14
1.815,-0.3
1.8155,-0.32
1.816,-0.25
1.8165,-0.14
1.817,-0.14
1.8175,-0.27
1.818,-0.32
1.8185,-0.25
1.819,-0.14
1.8195,-0.16
1.82,-0.25
1.8205,-0.34
1.821,-0.23
1.8215,-0.14
1.822,-0.14
1.8225,-0.23
1.823,-0.27
1.8235,-0.19
1.824,-0.1
1.8245,-0.08
1.825,-0.21
1.8255,-0.25
1.826,-0.23
1.8265,-0.1
1.827,-0.1
1.8275,-0.23
1.828,-0.27
1.8285,-0.23
1.829,-0.1
1.8295,-0.14
1.83,-0.23
1.8305,-0.32
1.831,-0.25
1.8315,-0.16
1.832,-0.19
1.8325,-0.3
1.833,-0.41
1.8335,-0.3
1.834,-0.23
1.8345,-0.19
1.835,-0.32
1.8355,-0.36
1.836,-0.34
1.8365,-0.21
1.837,-0.19
1.8375,-0.32
1.838,-0.34
1.8385,-0.32
1.839,-0.16
1.8395,-0.19
1.84,-0.25
1.8405,-0.36
1.841,-0.25
1.8415,-0.14
1.842,-0.12
1.8425,-0.21
1.843,-0.27
1.8435,-0.21
1.844,-0.12
1.8445,-0.1
1.845,-0.21
1.8455,-0.25
1.846,-0.23
1.8465,-0.12
1.847,-0.12
1.8475,-0.21
1.848,-0.27
1.8485,-0.25
1.849,-0.12
1.8495,-0.14
1.85,-0.21
1.8505,-0.32
1.851,-0.27
1.8515,-0.19
1.852,-0.16
1.8525,-0.27
1.853,-0.36
1.8535,-0.3
1.854,-0.23
1.8545,-0.16
1.855,-0.27
1.8555,-0.34
1.856,-0.3
1.8565,-0.19
1.857,-0.16
1.8575,-0.25
1.858,-0.32
1.8585,-0.3
1.859,-0.14
1.8595,-0.14
1.86,-0.19
1.8605,-0.3
1.861,-0.21
1.8615,-0.1
1.862,-0.05
1.8625,-0.12
1.863,-0.21
1.8635,-0.12
1.864,-0.05
1.8645,0.01
1.865,-0.1
1.8655,-0.16
1.866,-0.14
1.8665,-0.05
1.867,-0.01
1.8675,-0.1
1.868,-0.16
1.8685,-0.16
1.869,-0.05
1.8695,-0.05
1.87,-0.1
1.8705,-0.21
1.871,-0.19
1.8715,-0.1
1.872,-0.1
1.8725,-0.16
1.873,-0.27
1.8735,-0.23
1.874,-0.14
1.8745,-0.1
1.875,-0.19
1.8755,-0.25
1.876,-0.23
1.8765,-0.14
1.877,-0.08
1.8775,-0.16
1.878,-0.23
1.8785,-0.21
1.879,-0.1
1.8795,-0.08
1.88,-0.12
1.8805,-0.23
1.881,-0.16
1.8815,-0.03
1.882,-0.01
1.8825,-0.05
1.883,-0.14
1.8835,-0.1
1.884,-0.01
1.8845,0.03
1.885,-0.05
1.8855,-0.12
1.886,-0.12
1.8865,-0.03
1.887,0.01
1.8875,-0.05
1.888,-0.14
1.8885,-0.14
1.889,-0.03
1.8895,-0.01
1.89,-0.08
1.8905,-0.16
1.891,-0.16
1.8915,-0.08
1.892,-0.05
1.8925,-0.12
1.893,-0.23
1.8935,-0.19
1.894,-0.14
1.8945,-0.05
1.895,-0.16
1.8955,-0.23
1.896,-0.23
1.8965,-0.14
1.897,-0.05
1.8975,-0.14
1.898,-0.21
1.8985,-0.23
1.899,-0.1
1.8995,-0.1
1.9,-0.12
1.9005,-0.23
1.901,-0.19
1.9015,-0.08
1.902,-0.03
1.9025,-0.05
1.903,-0.16
1.9035,-0.12
1.904,-0.05
1.9045,-0.01
1.905,-0.08
1.9055,-0.14
1.906,-0.14
1.9065,-0.08
1.907,-0.01
1.9075,-0.1
1.908,-0.16
1.9085,-0.19
1.909,-0.08
1.9095,-0.05
1.91,-0.1
1.9105,-0.21
1.911,-0.21
1.9115,-0.14
1.912,-0.12
1.9125,-0.16
1.913,-0.3
1.9135,-0.27
1.914,-0.23
1.9145,-0.14
1.915,-0.21
1.9155,-0.27
1.916,-0.27
1.9165,-0.19
1.917,-0.12
1.9175,-0.19
1.918,-0.25
1.9185,-0.27
1.919,-0.16
1.9195,-0.12
1.92,-0.16
1.9205,-0.25
1.921,-0.23
1.9215,-0.12
1.922,-0.05
1.9225,-0.1
1.923,-0.19
1.9235,-0.16
1.924,-0.1
1.9245,-0.01
1.925,-0.08
1.9255,-0.16
1.926,-0.16
1.9265,-0.1
1.927,-0.03
1.9275,-0.1
1.928,-0.16
1.9285,-0.21
1.929,-0.1
1.9295,-0.08
1.93,-0.1
1.9305,-0.19
1.931,-0.23
1.9315,-0.14
1.932,-0.12
1.9325,-0.14
1.933,-0.27
1.9335,-0.27
1.934,-0.23
1.9345,-0.14
1.935,-0.21
1.9355,-0.27
1.936,-0.27
1.9365,-0.21
1.937,-0.12
1.9375,-0.19
1.938,-0.25
1.9385,-0.27
1.939,-0.19
1.9395,-0.14
1.94,-0.16
1.9405,-0.23
1.941,-0.25
1.9415,-0.14
1.942,-0.1
1.9425,-0.08
1.943,-0.19
1.9435,-0.16
1.944,-0.12
1.9445,-0.01
1.945,-0.08
1.9455,-0.14
1.946,-0.19
1.9465,-0.14
1.947,-0.03
1.9475,-0.1
1.948,-0.16
1.9485,-0.23
1.949,-0.12
1.9495,-0.1
1.95,-0.1
1.9505,-0.19
1.951,-0.23
1.9515,-0.16
1.952,-0.14
1.9525,-0.16
1.953,-0.27
1.9535,-0.27
1.954,-0.21
1.9545,-0.14
1.955,-0.16
1.9555,-0.25
1.956,-0.25
1.9565,-0.21
1.957,-0.12
1.9575,-0.16
1.958,-0.21
1.9585,-0.27
1.959,-0.19
1.9595,-0.12
1.96,-0.14
1.9605,-0.21
1.961,-0.25
1.9615,-0.14
1.962,-0.1
1.9625,-0.08
1.963,-0.19
1.9635,-0.16
1.964,-0.12
1.9645,-0.03
1.965,-0.05
1.9655,-0.14
1.966,-0.16
1.9665,-0.12
1.967,-0.05
1.9675,-0.1
1.968,-0.14
1.9685,-0.23
1.969,-0.14
1.9695,-0.1
1.97,-0.12
1.9705,-0.19
1.971,-0.25
1.9715,-0.19
1.972,-0.16
1.9725,-0.16
1.973,-0.27
1.9735,-0.3
1.974,-0.27
1.9745,-0.16
1.975,-0.19
1.9755,-0.27
1.976,-0.27
1.9765,-0.25
1.977,-0.14
1.9775,-0.19
1.978,-0.23
1.9785,-0.3
1.979,-0.21
1.9795,-0.14
1.98,-0.16
1.9805,-0.23
1.981,-0.25
1.9815,-0.16
1.982,-0.1
1.9825,-0.08
1.983,-0.19
1.9835,-0.19
1.984,-0.16
1.9845,-0.08
1.985,-0.08
1.9855,-0.16
1.986,-0.19
1.9865,-0.16
1.987,-0.05
1.9875,-0.1
1.988,-0.14
1.9885,-0.21
1.989,-0.14
1.9895,-0.1
1.99,-0.12
1.9905,-0.19
1.991,-0.25
1.9915,-0.21
1.992,-0.19
1.9925,-0.19
1.993,-0.3
1.9935,-0.3
1.994,-0.3
1.9945,-0.21
1.995,-0.21
1.9955,-0.3
1.996,-0.3
1.9965,-0.3
1.997,-0.19
1.9975,-0.21
1.998,-0.25
1.9985,-0.32
1.999,-0.25
1.9995,-0.19
2,-0.16
